<?xml version="1.0"?>
<doc>
    <assembly>
        <name>BidService</name>
    </assembly>
    <members>
        <member name="T:BidService.Common.ActionResults.InternalServerErrorObjectResult">
            <summary>
            Internal server error object result
            </summary>
        </member>
        <member name="M:BidService.Common.ActionResults.InternalServerErrorObjectResult.#ctor(System.Object)">
            <summary>
            Initializes a new instance of the <see cref="T:BidService.Common.ActionResults.InternalServerErrorObjectResult"/> class.
            </summary>
            <param name="error">Object error</param>
        </member>
        <member name="T:BidService.Common.Exceptions.BidServiceDomainException">
            <summary>
            Exception type for app exceptions
            </summary>
        </member>
        <member name="M:BidService.Common.Exceptions.BidServiceDomainException.#ctor">
            <summary>
            Initializes a new instance of the <see cref="T:BidService.Common.Exceptions.BidServiceDomainException"/> class.
            </summary>
        </member>
        <member name="M:BidService.Common.Exceptions.BidServiceDomainException.#ctor(System.String)">
            <summary>
            Initializes a new instance of the <see cref="T:BidService.Common.Exceptions.BidServiceDomainException"/> class.
            </summary>
            <param name="message">message</param>
        </member>
        <member name="M:BidService.Common.Exceptions.BidServiceDomainException.#ctor(System.String,System.Exception)">
            <summary>
            Initializes a new instance of the <see cref="T:BidService.Common.Exceptions.BidServiceDomainException"/> class.
            </summary>
            <param name="message">Message detatails</param>
            <param name="innerException">inner exception</param>
        </member>
        <member name="M:BidService.Common.Exceptions.BidServiceDomainException.#ctor(System.Runtime.Serialization.SerializationInfo,System.Runtime.Serialization.StreamingContext)">
            <summary>
            Initializes a new instance of the <see cref="T:BidService.Common.Exceptions.BidServiceDomainException"/> class.
            </summary>
            <param name="info">The serialization info</param>
            <param name="context">The streaming context</param>
        </member>
        <member name="T:BidService.Common.Filters.HttpGlobalExceptionFilter">
            <summary>
            Http Global Exception Filter
            </summary>
        </member>
        <member name="F:BidService.Common.Filters.HttpGlobalExceptionFilter.env">
            <summary>
            IHosting Environment
            </summary>
        </member>
        <member name="F:BidService.Common.Filters.HttpGlobalExceptionFilter.logger">
            <summary>
            Http Global Exception Filter logger
            </summary>
        </member>
        <member name="M:BidService.Common.Filters.HttpGlobalExceptionFilter.#ctor(Microsoft.AspNetCore.Hosting.IHostingEnvironment,Microsoft.Extensions.Logging.ILogger{BidService.Common.Filters.HttpGlobalExceptionFilter})">
            <summary>
            Initializes a new instance of the <see cref="T:BidService.Common.Filters.HttpGlobalExceptionFilter"/> class.
            </summary>
            <param name="env">Environment details</param>
            <param name="logger">Logger details</param>
        </member>
        <member name="M:BidService.Common.Filters.HttpGlobalExceptionFilter.OnException(Microsoft.AspNetCore.Mvc.Filters.ExceptionContext)">
            <summary>
            On Exception
            </summary>
            <param name="context">Exception Context</param>
        </member>
        <member name="T:BidService.Common.Filters.JsonErrorResponse">
            <summary>
            Error response object
            </summary>
        </member>
        <member name="P:BidService.Common.Filters.JsonErrorResponse.Messages">
            <summary>
            Gets or sets error messages
            </summary>
        </member>
        <member name="P:BidService.Common.Filters.JsonErrorResponse.DeveloperMessage">
            <summary>
            Gets or sets exception detail shown in Development environment
            </summary>
        </member>
        <member name="T:BidService.Common.Middlewares.DrAddressIdResolverExtensions">
            <summary>
            DrAddressIdResolverExtensions
            </summary>
        </member>
        <member name="M:BidService.Common.Middlewares.DrAddressIdResolverExtensions.UseDrAddressIdResolver(Microsoft.AspNetCore.Builder.IApplicationBuilder)">
            <summary>
            UseDrAddressIdResolver
            </summary>
            <param name="builder">builder</param>
            <returns>IApplicationBuilder</returns>
        </member>
        <member name="T:BidService.Common.Middlewares.DrAddressIdResolverMiddleware">
            <summary>
            DrAddressIdResolverMiddleware
            </summary>
        </member>
        <member name="M:BidService.Common.Middlewares.DrAddressIdResolverMiddleware.#ctor(Microsoft.AspNetCore.Http.RequestDelegate)">
            <summary>
            Initializes a new instance of the <see cref="T:BidService.Common.Middlewares.DrAddressIdResolverMiddleware"/> class.
            </summary>
            <param name="next">next</param>
        </member>
        <member name="M:BidService.Common.Middlewares.DrAddressIdResolverMiddleware.Invoke(Microsoft.AspNetCore.Http.HttpContext)">
            <summary>
            Invoke
            </summary>
            <param name="context">context</param>
            <returns>A <see cref="T:System.Threading.Tasks.Task"/> representing the asynchronous operation.</returns>
        </member>
        <member name="T:BidService.Common.Middlewares.LoggerExtensions">
            <summary>
            LoggerExtensions
            </summary>
        </member>
        <member name="M:BidService.Common.Middlewares.LoggerExtensions.UseLogger(Microsoft.AspNetCore.Builder.IApplicationBuilder)">
            <summary>
            IApplicationBuilder
            </summary>
            <param name="builder">builder</param>
            <returns>LoggerMiddleware</returns>
        </member>
        <member name="T:BidService.Common.Middlewares.LoggerMiddleware">
            <summary>
            Logger middleware
            </summary>
        </member>
        <member name="F:BidService.Common.Middlewares.LoggerMiddleware.logger">
            <summary>
            logger middleware
            </summary>
        </member>
        <member name="F:BidService.Common.Middlewares.LoggerMiddleware.next">
            <summary>
            Request delegate
            </summary>
        </member>
        <member name="M:BidService.Common.Middlewares.LoggerMiddleware.#ctor(Microsoft.AspNetCore.Http.RequestDelegate,Microsoft.Extensions.Logging.ILogger{BidService.Common.Middlewares.LoggerMiddleware})">
            <summary>
            Initializes a new instance of the <see cref="T:BidService.Common.Middlewares.LoggerMiddleware"/> class.
            Logger middleware
            </summary>
            <param name="next">next</param>
            <param name="logger">Logger Middleware</param>
        </member>
        <member name="M:BidService.Common.Middlewares.LoggerMiddleware.Invoke(Microsoft.AspNetCore.Http.HttpContext)">
            <summary>
            Initializes a new instance of the <see cref="M:BidService.Common.Middlewares.LoggerMiddleware.Invoke(Microsoft.AspNetCore.Http.HttpContext)"/> class.
            </summary>
            <param name="context">context</param>
            <returns>asyn Task</returns>
        </member>
        <member name="M:BidService.Common.Middlewares.LoggerMiddleware.FormatRequest(Microsoft.AspNetCore.Http.HttpRequest)">
            <summary>
            Format Request
            </summary>
            <param name="request">http request</param>
            <returns>Formatted Request</returns>
        </member>
        <member name="M:BidService.Common.Middlewares.LoggerMiddleware.FormatResponse(Microsoft.AspNetCore.Http.HttpResponse)">
            <summary>
            Format Response
            </summary>
            <param name="response">http response</param>
            <returns>Formatted response</returns>
        </member>
        <member name="T:BidService.Common.Configurations.AutofacModules.MediatorModule">
            <summary>
            Mediator Module
            </summary>
        </member>
        <member name="M:BidService.Common.Configurations.AutofacModules.MediatorModule.Load(Autofac.ContainerBuilder)">
            <summary>
            Load
            </summary>
            <param name="builder">builder</param>
        </member>
        <member name="T:BidService.Configurations.AutoMapperConfiguration.AutoMapperProfile">
            <summary>
            Auto mapper profile
            </summary>
        </member>
        <member name="M:BidService.Configurations.AutoMapperConfiguration.AutoMapperProfile.#ctor">
            <summary>
            Initializes a new instance of the <see cref="T:BidService.Configurations.AutoMapperConfiguration.AutoMapperProfile"/> class.
            </summary>
        </member>
        <member name="M:BidService.Configurations.AutoMapperConfiguration.AutoMapperProfile.MapForViewing">
            <summary>
            Maps the domain models to the view models that are used for viewing in UI
            </summary>
        </member>
        <member name="T:BidService.Configurations.ConfigParameterConstants">
            <summary>
            ConfigParameterConstants. The Property names on this constant file need to be same as the TSMTSetttings file property names.
            </summary>
        </member>
        <member name="M:BidService.Configurations.ConfigParameterConstants.#ctor">
            <summary>
            Initializes a new instance of the <see cref="T:BidService.Configurations.ConfigParameterConstants"/> class.
            Config paramerter constants
            </summary>
        </member>
        <member name="P:BidService.Configurations.ConfigParameterConstants.VPNDBConnectionString">
            <summary>
            Gets TSMT Connection String Parameter name
            </summary>
        </member>
        <member name="P:BidService.Configurations.ConfigParameterConstants.InfluxDb">
            <summary>
            Gets InfluxDb Parameter name
            </summary>
        </member>
        <member name="P:BidService.Configurations.ConfigParameterConstants.InfluxDbUrl">
            <summary>
            Gets InfluxDb Url Parameter name
            </summary>
        </member>
        <member name="P:BidService.Configurations.ConfigParameterConstants.InfluxDbUserName">
            <summary>
            Gets InfluxDb UserName Parameter name
            </summary>
        </member>
        <member name="P:BidService.Configurations.ConfigParameterConstants.InfluxDbPassword">
            <summary>
            Gets InfluxDb Password Parameter name
            </summary>
        </member>
        <member name="T:BidService.Configurations.HostingEnvironmentExtensions">
            <summary>
            Hosting environment extensions
            </summary>
        </member>
        <member name="F:BidService.Configurations.HostingEnvironmentExtensions.UATEnvironment">
            <summary>
            UAT Environment
            </summary>
        </member>
        <member name="M:BidService.Configurations.HostingEnvironmentExtensions.IsUAT(Microsoft.AspNetCore.Hosting.IHostingEnvironment)">
            <summary>
            Check Is UAT
            </summary>
            <param name="hostingEnvironment">Hosting environment</param>
            <returns>Hosting environment details</returns>
        </member>
        <member name="T:BidService.Controllers.BidController">
            <summary>
            Controller for bids
            </summary>
        </member>
        <member name="M:BidService.Controllers.BidController.#ctor(BidService.Core.Services.IBidService,Microsoft.Extensions.Logging.ILogger{BidService.Controllers.BidController})">
            <summary>
            Initializes a new instance of the <see cref="T:BidService.Controllers.BidController"/> class.
            </summary>
            <param name="bidService">Bid service</param>
            <param name="logger">Bid logger</param>
        </member>
        <member name="M:BidService.Controllers.BidController.GetLoaded">
            <summary>
            Get
            </summary>
            <returns>Success</returns>
        </member>
        <member name="M:BidService.Controllers.BidController.GetBidList(System.Int32)">
            <summary>
            Get BidList
            </summary>
            <param name="jobId">Job id</param>
            <returns>A <see cref="T:System.Threading.Tasks.Task"/> representing the asynchronous operation.</returns>
        </member>
        <member name="T:BidService.Core.Behaviors.LoggingBehavior`2">
            <summary>
            Logging behavior
            </summary>
            <typeparam name="TRequest">TRequest details</typeparam>
            <typeparam name="TResponse">TResponse details</typeparam>
        </member>
        <member name="M:BidService.Core.Behaviors.LoggingBehavior`2.#ctor(Microsoft.Extensions.Logging.ILogger{BidService.Core.Behaviors.LoggingBehavior{`0,`1}})">
            <summary>
            Initializes a new instance of the <see cref="T:BidService.Core.Behaviors.LoggingBehavior`2"/> class.
            </summary>
            <param name="logger">Logger details</param>
        </member>
        <member name="M:BidService.Core.Behaviors.LoggingBehavior`2.Handle(`0,System.Threading.CancellationToken,MediatR.RequestHandlerDelegate{`1})">
            <summary>
            Handle Request
            </summary>
            <param name="request">Request details</param>
            <param name="cancellationToken">Cancellation token</param>
            <param name="next">Next request handler delegate</param>
            <returns>A <see cref="T:System.Threading.Tasks.Task"/> representing the asynchronous operation.</returns>
        </member>
        <member name="T:BidService.Core.Behaviors.ValidatorBehavior`2">
            <summary>
            Validator behavior
            </summary>
            <typeparam name="TRequest">TRequest details</typeparam>
            <typeparam name="TResponse">TResponse details</typeparam>
        </member>
        <member name="M:BidService.Core.Behaviors.ValidatorBehavior`2.#ctor(FluentValidation.IValidator{`0}[])">
            <summary>
            Initializes a new instance of the <see cref="T:BidService.Core.Behaviors.ValidatorBehavior`2"/> class.
            </summary>
            <param name="validators">Validators details</param>
        </member>
        <member name="M:BidService.Core.Behaviors.ValidatorBehavior`2.Handle(`0,System.Threading.CancellationToken,MediatR.RequestHandlerDelegate{`1})">
            <summary>
            Handle request
            </summary>
            <param name="request">Request details</param>
            <param name="cancellationToken">Cancellation Token</param>
            <param name="next">Next request handler delegate</param>
            <returns>Representing the asynchronous operation.</returns>
        </member>
        <member name="T:BidService.Core.Models.BidAlternate">
            <summary>
            Bid Alternate
            </summary>
        </member>
        <member name="P:BidService.Core.Models.BidAlternate.JOB_ID">
            <summary>
            Gets or sets JOB ID
            </summary>
        </member>
        <member name="P:BidService.Core.Models.BidAlternate.BID_ALTERNATE_ID">
            <summary>
            Gets or sets BID ALTERNATE ID
            </summary>
        </member>
        <member name="P:BidService.Core.Models.BidAlternate.BASE_BID_YES_NO">
            <summary>
            Gets or sets BASE BID YES NO
            </summary>
        </member>
        <member name="P:BidService.Core.Models.BidAlternate.BID_NAME">
            <summary>
            Gets or sets BID NAME
            </summary>
        </member>
        <member name="P:BidService.Core.Models.BidAlternate.CURRENT_BID_IND">
            <summary>
            Gets or sets CURRENT BID IND
            </summary>
        </member>
        <member name="P:BidService.Core.Models.BidAlternate.INCLUDE_IN_CJ">
            <summary>
            Gets or sets INCLUDE IN CJ
            </summary>
        </member>
        <member name="T:BidService.Core.Services.BidService">
            <summary>
            Service for bid operations
            </summary>
        </member>
        <member name="M:BidService.Core.Services.BidService.#ctor(TSMT.DataAccess.IRepository{BidService.Core.Models.BidAlternate},BidService.Repository.IBidRepository,Microsoft.AspNetCore.Http.IHttpContextAccessor)">
            <summary>
            Initializes a new instance of the <see cref="T:BidService.Core.Services.BidService"/> class.
            </summary>
            <param name="repository">repository</param>
            <param name="bidRepository">bidRepository</param>
            <param name="contextAccessor">contextAccessor</param>
        </member>
        <member name="M:BidService.Core.Services.BidService.GetBidList(System.Int32)">
            <summary>
            Gets list of bids for a given job id
            </summary>
            <param name="jobId">jobId</param>
            <returns>List of bids</returns>
        </member>
        <member name="T:BidService.Core.Services.IBidService">
            <summary>
            IBidService
            </summary>
        </member>
        <member name="M:BidService.Core.Services.IBidService.GetBidList(System.Int32)">
            <summary>
            Gets list of bid details based on job id
            </summary>
            <param name="jobId">job id</param>
            <returns>List of bids for a corresponding job id</returns>
        </member>
        <member name="T:BidService.Core.ViewModels.BidViewModel">
            <summary>
            View model for bids
            </summary>
        </member>
        <member name="P:BidService.Core.ViewModels.BidViewModel.BidAlternateId">
            <summary>
            Gets or sets BidAlternateId
            </summary>
        </member>
        <member name="P:BidService.Core.ViewModels.BidViewModel.CurrentBidInd">
            <summary>
            Gets or sets CurrentBidInd
            </summary>
        </member>
        <member name="P:BidService.Core.ViewModels.BidViewModel.BidName">
            <summary>
            Gets or sets BidName
            </summary>
        </member>
        <member name="P:BidService.Core.ViewModels.BidViewModel.Description">
            <summary>
            Gets or sets Description
            </summary>
        </member>
        <member name="P:BidService.Core.ViewModels.BidViewModel.CreditJobNumber">
            <summary>
            Gets or sets CreditJobNumber
            </summary>
        </member>
        <member name="P:BidService.Core.ViewModels.BidViewModel.PurchaseOrderNumber">
            <summary>
            Gets or sets PurchaseOrderNumber
            </summary>
        </member>
        <member name="P:BidService.Core.ViewModels.BidViewModel.SpaNumber">
            <summary>
            Gets or sets SPA number
            </summary>
        </member>
        <member name="P:BidService.Core.ViewModels.BidViewModel.SellingPrice">
            <summary>
            Gets or sets SellingPrice
            </summary>
        </member>
        <member name="T:BidService.Repository.BidRepository">
            <summary>
            Repository for bid operations
            </summary>
        </member>
        <member name="M:BidService.Repository.BidRepository.#ctor(TSMT.DataAccess.IRepository{BidService.Core.Models.BidAlternate})">
            <summary>
            Initializes a new instance of the <see cref="T:BidService.Repository.BidRepository"/> class.
            </summary>
            <param name="repository">Repository</param>
        </member>
        <member name="M:BidService.Repository.BidRepository.HonorDrAddressId(System.Nullable{System.Int32})">
            <summary>
            Method to indicate a particular DrAddressId to honor when interacting with the database.
            </summary>
            <param name="drAddressId">DrAddressId to honor; null indicates a DrAddressId should not be honored</param>
        </member>
        <member name="M:BidService.Repository.BidRepository.GetBidListAsync(System.Int32)">
            <summary>
            Gets the list of bids
            </summary>
            <param name="jobId"> Id of the corresponding job</param>
            <returns> List of bids </returns>
        </member>
        <member name="T:BidService.Repository.IBidRepository">
            <summary>
            Repository for bids operations
            </summary>
        </member>
        <member name="M:BidService.Repository.IBidRepository.HonorDrAddressId(System.Nullable{System.Int32})">
            <summary>
            Method to indicate a particular DrAddressId to honor when interacting with the database.
            </summary>
            <param name="drAddressId">DrAddressId to honor; null indicates a DrAddressId should not be honored</param>
        </member>
        <member name="M:BidService.Repository.IBidRepository.GetBidListAsync(System.Int32)">
            <summary>
            Gets the List of Bids
            </summary>
            <param name="jobId"> Id of the corresponding Job</param>
            <returns> List of bids</returns>
        </member>
        <member name="T:BidService.Program">
            <summary>
            Program
            </summary>
        </member>
        <member name="M:BidService.Program.#ctor">
            <summary>
            Initializes a new instance of the <see cref="T:BidService.Program"/> class.
            Config parameter constants
            </summary>
        </member>
        <member name="M:BidService.Program.Main(System.String[])">
            <summary>
            Service entry point
            </summary>
            <param name="args">Args</param>
        </member>
        <member name="M:BidService.Program.BuildWebHost(System.String[])">
            <summary>
            Builds web host
            </summary>
            <param name="args">Arguments</param>
            <returns>App</returns>
        </member>
        <member name="T:BidService.Startup">
            <summary>
            Startup
            </summary>
        </member>
        <member name="M:BidService.Startup.#ctor(Microsoft.Extensions.Configuration.IConfiguration,Microsoft.AspNetCore.Hosting.IHostingEnvironment)">
            <summary>
            Initializes a new instance of the <see cref="T:BidService.Startup"/> class.
            </summary>
            <param name="configuration">Iconfigration</param>
            <param name="env">Environment</param>
        </member>
        <member name="P:BidService.Startup.Configuration">
            <summary>
            Gets iConfiguration
            </summary>
        </member>
        <member name="P:BidService.Startup.HostingEnvironment">
            <summary>
            Gets the Hosting Environment.
            </summary>
        </member>
        <member name="M:BidService.Startup.ConfigureServices(Microsoft.Extensions.DependencyInjection.IServiceCollection)">
            <summary>
            Configure Services
            </summary>
            <param name="services">Services</param>
            <returns>IService Provider</returns>
        </member>
        <member name="M:BidService.Startup.Configure(Microsoft.AspNetCore.Builder.IApplicationBuilder,Microsoft.AspNetCore.Hosting.IHostingEnvironment)">
            <summary>
            Configure
            </summary>
            <param name="app">IApplication builder</param>
            <param name="env">Environment</param>
        </member>
    </members>
</doc>
