<?xml version="1.0"?>
<doc>
    <assembly>
        <name>SalesRollupService</name>
    </assembly>
    <members>
        <member name="T:SalesRollupService.Common.Constants">
            <summary>
            Constants used within this microservice
            </summary>
        </member>
        <member name="F:SalesRollupService.Common.Constants.PrimaryRollupConsumer">
            <summary>
            An enum to help some code determine if were operating in the context of
            Sales, Pricing (COJO), etc...
            </summary>
        </member>
        <member name="T:SalesRollupService.Common.DiscountImportRepositoryQueries">
            <summary>
            Queries used by Discount Import repository
            </summary>
        </member>
        <member name="F:SalesRollupService.Common.DiscountImportRepositoryQueries.BidAlternatesByJobId">
            <summary>
            Get list of Bid Alternate records using Job Id
            </summary>
        </member>
        <member name="F:SalesRollupService.Common.DiscountImportRepositoryQueries.ApplySelectedPricingParmDiscount">
            <summary>
            Update statement to apply discounts to a selected pricing parm
            </summary>
        </member>
        <member name="F:SalesRollupService.Common.DiscountImportRepositoryQueries.SelectedPriceParamsUsingBidId">
            <summary>
            Get list of Selected Pricing Parameters using Bid Alt Id
            </summary>
        </member>
        <member name="T:SalesRollupService.Common.Exceptions.SalesRollupServiceDomainException">
            <summary>
            Exception type for app exceptions
            </summary>
        </member>
        <member name="M:SalesRollupService.Common.Exceptions.SalesRollupServiceDomainException.#ctor">
            <summary>
            Initializes a new instance of the <see cref="T:SalesRollupService.Common.Exceptions.SalesRollupServiceDomainException"/> class.
            </summary>
        </member>
        <member name="M:SalesRollupService.Common.Exceptions.SalesRollupServiceDomainException.#ctor(System.String)">
            <summary>
            Initializes a new instance of the <see cref="T:SalesRollupService.Common.Exceptions.SalesRollupServiceDomainException"/> class.
            </summary>
            <param name="message">message</param>
        </member>
        <member name="M:SalesRollupService.Common.Exceptions.SalesRollupServiceDomainException.#ctor(System.String,System.Exception)">
            <summary>
            Initializes a new instance of the <see cref="T:SalesRollupService.Common.Exceptions.SalesRollupServiceDomainException"/> class.
            </summary>
            <param name="message">Message detatails</param>
            <param name="innerException">inner exception</param>
        </member>
        <member name="M:SalesRollupService.Common.Exceptions.SalesRollupServiceDomainException.#ctor(System.Runtime.Serialization.SerializationInfo,System.Runtime.Serialization.StreamingContext)">
            <summary>
            Initializes a new instance of the <see cref="T:SalesRollupService.Common.Exceptions.SalesRollupServiceDomainException"/> class.
            </summary>
            <param name="info">The serialization info</param>
            <param name="context">The streaming context</param>
        </member>
        <member name="T:SalesRollupService.Common.Configurations.AutofacModules.MediatorModule">
            <summary>
            Mediator Module
            </summary>
        </member>
        <member name="M:SalesRollupService.Common.Configurations.AutofacModules.MediatorModule.#ctor(Microsoft.Extensions.Configuration.IConfiguration)">
            <summary>
            Initializes a new instance of the <see cref="T:SalesRollupService.Common.Configurations.AutofacModules.MediatorModule"/> class.
            </summary>
            <param name="configuration">Application configuration</param>
        </member>
        <member name="M:SalesRollupService.Common.Configurations.AutofacModules.MediatorModule.Load(Autofac.ContainerBuilder)">
            <summary>
            Configures dependency injection
            </summary>
            <param name="builder">builder</param>
        </member>
        <member name="T:SalesRollupService.Configurations.AutoMapperConfiguration.AutoMapperProfile">
            <summary>
            class for autoMapper profile
            </summary>
        </member>
        <member name="M:SalesRollupService.Configurations.AutoMapperConfiguration.AutoMapperProfile.#ctor">
            <summary>
            Initializes a new instance of the <see cref="T:SalesRollupService.Configurations.AutoMapperConfiguration.AutoMapperProfile"/> class.
            </summary>
        </member>
        <member name="M:SalesRollupService.Configurations.AutoMapperConfiguration.AutoMapperProfile.MapForViewing">
            <summary>
            Maps the domain models to the view models that are used for viewing in UI
            </summary>
        </member>
        <member name="T:SalesRollupService.Configurations.CommonConfigurationSettings">
            <summary>
            Common Configuration Settings
            </summary>
        </member>
        <member name="P:SalesRollupService.Configurations.CommonConfigurationSettings.SqsServiceURLForRollupHistoryService">
            <summary>
            Gets or sets sqs service url
            </summary>
        </member>
        <member name="P:SalesRollupService.Configurations.CommonConfigurationSettings.QueueWaitTimeForRollupHistory">
            <summary>
            Gets or sets queue wait time for rollup history
            </summary>
        </member>
        <member name="P:SalesRollupService.Configurations.CommonConfigurationSettings.MessageHidingTimeInMinutesForRollupHistory">
            <summary>
            Gets or sets message hiding time for rollup history
            </summary>
        </member>
        <member name="P:SalesRollupService.Configurations.CommonConfigurationSettings.MaxNoOfMessagesForRollupHistory">
            <summary>
            Gets or sets maximum number of messages for rollup history
            </summary>
        </member>
        <member name="P:SalesRollupService.Configurations.CommonConfigurationSettings.SqsServiceUrlForDiscountTransfer">
            <summary>
            Gets or sets SQS Queue URL for SPP discount updates
            </summary>
        </member>
        <member name="P:SalesRollupService.Configurations.CommonConfigurationSettings.IsStageOrProdEnvironment">
            <summary>
            Gets or sets a value indicating whether it is stage or production environment
            </summary>
        </member>
        <member name="T:SalesRollupService.Configurations.ConfigParameterConstants">
            <summary>
            ConfigParameterConstants. The Property names on this constant file need to be same as the TSMTSetttings file property names.
            </summary>
        </member>
        <member name="M:SalesRollupService.Configurations.ConfigParameterConstants.#ctor">
            <summary>
            Initializes a new instance of the <see cref="T:SalesRollupService.Configurations.ConfigParameterConstants"/> class.
            </summary>
        </member>
        <member name="P:SalesRollupService.Configurations.ConfigParameterConstants.VPNDBConnectionString">
            <summary>
            Gets TSMT Connection String Parameter name
            </summary>
        </member>
        <member name="P:SalesRollupService.Configurations.ConfigParameterConstants.RedisEndpoint">
            <summary>
            Gets RedisEndpoint Parameter name
            </summary>
        </member>
        <member name="P:SalesRollupService.Configurations.ConfigParameterConstants.DocumentDBConnectionString">
            <summary>
            Gets DocumentDB connection string parameter name
            </summary>
        </member>
        <member name="P:SalesRollupService.Configurations.ConfigParameterConstants.InfluxDb">
            <summary>
            Gets InfluxDb Parameter name
            </summary>
        </member>
        <member name="P:SalesRollupService.Configurations.ConfigParameterConstants.InfluxDbUrl">
            <summary>
            Gets InfluxDb Url Parameter name
            </summary>
        </member>
        <member name="P:SalesRollupService.Configurations.ConfigParameterConstants.InfluxDbUserName">
            <summary>
            Gets InfluxDb UserName Parameter name
            </summary>
        </member>
        <member name="P:SalesRollupService.Configurations.ConfigParameterConstants.InfluxDbPassword">
            <summary>
            Gets InfluxDb Password Parameter name
            </summary>
        </member>
        <member name="T:SalesRollupService.Configurations.DomainGroupEnvironmentExtensions">
            <summary>
            Domain group environment extensions
            </summary>
        </member>
        <member name="M:SalesRollupService.Configurations.DomainGroupEnvironmentExtensions.DomainGroupEnvironmentName(Microsoft.AspNetCore.Hosting.IWebHostEnvironment)">
            <summary>
            Checks and return the hosting environment name
            </summary>
            <param name="hostingEnvironment">Hosting environment</param>
            <returns>Environment Name</returns>
        </member>
        <member name="T:SalesRollupService.Configurations.HostingEnvironmentExtensions">
            <summary>
            Hosting environment extensions
            </summary>
        </member>
        <member name="F:SalesRollupService.Configurations.HostingEnvironmentExtensions.DEVEnvironment">
            <summary>
            DEV Environment
            </summary>
        </member>
        <member name="F:SalesRollupService.Configurations.HostingEnvironmentExtensions.UATEnvironment">
            <summary>
            UAT Environment
            </summary>
        </member>
        <member name="F:SalesRollupService.Configurations.HostingEnvironmentExtensions.STAGEEnvironment">
            <summary>
            STAGE Environment
            </summary>
        </member>
        <member name="F:SalesRollupService.Configurations.HostingEnvironmentExtensions.PRODEnvironment">
            <summary>
            PROD Environment
            </summary>
        </member>
        <member name="M:SalesRollupService.Configurations.HostingEnvironmentExtensions.IsDevelopment(Microsoft.AspNetCore.Hosting.IWebHostEnvironment)">
            <summary>
            Check Is DEV
            </summary>
            <param name="hostingEnvironment">Hosting environment</param>
            <returns>Hosting environment details</returns>
        </member>
        <member name="M:SalesRollupService.Configurations.HostingEnvironmentExtensions.IsUAT(Microsoft.AspNetCore.Hosting.IWebHostEnvironment)">
            <summary>
            Check Is UAT
            </summary>
            <param name="hostingEnvironment">Hosting environment</param>
            <returns>Hosting environment details</returns>
        </member>
        <member name="M:SalesRollupService.Configurations.HostingEnvironmentExtensions.IsStaging(Microsoft.AspNetCore.Hosting.IWebHostEnvironment)">
            <summary>
            Check Is STAGE
            </summary>
            <param name="hostingEnvironment">Hosting environment</param>
            <returns>Hosting environment details</returns>
        </member>
        <member name="M:SalesRollupService.Configurations.HostingEnvironmentExtensions.IsProduction(Microsoft.AspNetCore.Hosting.IWebHostEnvironment)">
            <summary>
            Check Is PROD
            </summary>
            <param name="hostingEnvironment">Hosting environment</param>
            <returns>Hosting environment details</returns>
        </member>
        <member name="T:SalesRollupService.Controllers.RollupEnumsController">
            <summary>
            A controller for providing information about rollup enumerations
            </summary>
        </member>
        <member name="M:SalesRollupService.Controllers.RollupEnumsController.#ctor(SalesRollupService.Core.Services.IRollupEnumService)">
            <summary>
            Initializes a new instance of the <see cref="T:SalesRollupService.Controllers.RollupEnumsController"/> class.
            </summary>
            <param name="rollupEnumService">The rollup enum service</param>
        </member>
        <member name="M:SalesRollupService.Controllers.RollupEnumsController.GetRollupColumnTypes">
            <summary>
            Gets the rollup column type enumeration.
            </summary>
            <returns>The enumeration</returns>
        </member>
        <member name="T:SalesRollupService.Controllers.RollupHistoryController">
            <summary>
            Rollup history controller
            </summary>
        </member>
        <member name="M:SalesRollupService.Controllers.RollupHistoryController.#ctor(Microsoft.Extensions.Logging.ILogger{SalesRollupService.Controllers.RollupHistoryController},SalesRollupService.Core.Services.IRollupHistoryService)">
            <summary>
            Initializes a new instance of the <see cref="T:SalesRollupService.Controllers.RollupHistoryController"/> class.
            </summary>
            <param name="logger">Selections logger</param>
            <param name="rollupHistoryService">A service to handle rollup views</param>
        </member>
        <member name="M:SalesRollupService.Controllers.RollupHistoryController.GetHistory(System.Int32,System.Int32)">
            <summary>
            Gets the entire history of edits for a rollup
            </summary>
            <param name="jobId">The job for the rollup</param>
            <param name="bidId">The bid for the rollup</param>
            <returns>The history</returns>
        </member>
        <member name="M:SalesRollupService.Controllers.RollupHistoryController.RewindHistory(SalesRollupService.Core.ViewModels.RewindHistoryRequestViewModel)">
            <summary>
            Rewinds a rollup history to a certain edit
            </summary>
            <param name="request">The request model</param>
            <returns>A rewound rollup</returns>
        </member>
        <member name="T:SalesRollupService.Controllers.RollupViewController">
            <summary>
            A controller for dealing with a specific rollup view.
            </summary>
        </member>
        <member name="M:SalesRollupService.Controllers.RollupViewController.#ctor(Microsoft.Extensions.Logging.ILogger{SalesRollupService.Controllers.RollupViewController},SalesRollupService.Core.Services.IRollupViewService)">
            <summary>
            Initializes a new instance of the <see cref="T:SalesRollupService.Controllers.RollupViewController"/> class.
            </summary>
            <param name="logger">Selections logger</param>
            <param name="rollupViewService">A service to handle rollup views</param>
        </member>
        <member name="M:SalesRollupService.Controllers.RollupViewController.PutView(SalesRollupService.Core.ViewModels.RollupViewViewModel)">
            <summary>
            Adds a view.
            The view is replaced if it already exists.
            </summary>
            <param name="view">The view model</param>
            <returns>The success or failure code</returns>
        </member>
        <member name="M:SalesRollupService.Controllers.RollupViewController.DeleteView(System.String)">
            <summary>
            Deletes a view (a 'standard' view).
            </summary>
            <param name="viewName">The name of the view to delete</param>
            <returns>The success or failure code</returns>
        </member>
        <member name="M:SalesRollupService.Controllers.RollupViewController.PutColumn(System.String,SalesRollupService.Core.ViewModels.RollupColumnViewModel)">
            <summary>
            Adds a column to a view (a 'standard' view).
            The column is replaced if it already exists.
            Indices of other columns are adjusted to accommodate.
            </summary>
            <param name="viewName">The name of the view to add the column to</param>
            <param name="column">The model of the column to add</param>
            <returns>The success or failure code</returns>
        </member>
        <member name="M:SalesRollupService.Controllers.RollupViewController.DeleteColumn(System.String,TSMT.RollupDomain.Models.RollupColumnType)">
            <summary>
            Deletes a column from a view (a 'standard' view).
            Indices of other columns are adjusted to accommodate.
            </summary>
            <param name="viewName">The name of the view to delete the column from</param>
            <param name="columnType">The type (AKA ID) of the the column to delete</param>
            <returns>The success or failure code</returns>
        </member>
        <member name="T:SalesRollupService.Controllers.RollupViewsController">
            <summary>
            A controller for dealing with a collections of rollup view.
            </summary>
        </member>
        <member name="M:SalesRollupService.Controllers.RollupViewsController.#ctor(Microsoft.Extensions.Logging.ILogger{SalesRollupService.Controllers.RollupViewsController},SalesRollupService.Core.Services.IRollupViewService)">
            <summary>
            Initializes a new instance of the <see cref="T:SalesRollupService.Controllers.RollupViewsController"/> class.
            </summary>
            <param name="logger">Selections logger</param>
            <param name="rollupViewService">A service to handle rollup views</param>
        </member>
        <member name="M:SalesRollupService.Controllers.RollupViewsController.PutViews(System.Collections.Generic.IEnumerable{SalesRollupService.Core.ViewModels.RollupViewViewModel})">
            <summary>
            Adds a batch of views.
            A view is replaced if it already exists.
            </summary>
            <param name="views">The view batch</param>
            <returns>The success or failure code</returns>
        </member>
        <member name="M:SalesRollupService.Controllers.RollupViewsController.GetViews">
            <summary>
            Gets all views.
            </summary>
            <returns>The views</returns>
        </member>
        <member name="M:SalesRollupService.Controllers.RollupViewsController.GetUserViews(System.String)">
            <summary>
            Gets all views available for a specific user.
            This includes both standard and custom views.
            </summary>
            <param name="userName">The username to find views for</param>
            <returns>The views for the user</returns>
        </member>
        <member name="T:SalesRollupService.Controllers.SalesRollupController">
            <summary>
            SalesRollup Controller
            </summary>
        </member>
        <member name="M:SalesRollupService.Controllers.SalesRollupController.#ctor(Microsoft.Extensions.Logging.ILogger{SalesRollupService.Controllers.SalesRollupController},SalesRollupService.Core.Services.IRollupGridService,SalesRollupService.Core.Services.IRollupHistoryService,Microsoft.AspNetCore.Http.IHttpContextAccessor)">
            <summary>
            Initializes a new instance of the <see cref="T:SalesRollupService.Controllers.SalesRollupController"/> class.
            </summary>
            <param name="logger">Selections logger</param>
            <param name="rollupGridService">A service to build rollup grids</param>
            <param name="rollupHistoryService">A service to track edits to a rollup</param>
            <param name="httpContextAccessor">A service to scrape info from the http request</param>
        </member>
        <member name="M:SalesRollupService.Controllers.SalesRollupController.GetRollupGrid(System.Int32,System.Int32,System.String,System.Boolean)">
            <summary>
            GetPriceRollup
            </summary>
            <returns>Return PriceRollup based on JobId/BidId</returns>
            <param name="jobId">The job ID</param>
            <param name="bidId">The bid ID</param>
            <param name="rollupType">Rollup shape (code, family, model)</param>
            <param name="calculatePricingPolicy">Should we calculate pricing policy?</param>
        </member>
        <member name="M:SalesRollupService.Controllers.SalesRollupController.ApplyEdit(System.Int32,System.Int32,System.String,System.String,System.String,System.String,System.Decimal,System.Decimal)">
            <summary>
            Applies an edit, and returns refreshed PriceRollup grid data upon success.
            </summary>
            <param name="jobId">The job ID</param>
            <param name="bidId">The bid ID</param>
            <param name="rollupType">Rollup shape (code, family, model)</param>
            <param name="rowType">Type of rollup row being edited, such as Total, GrandTotal, or a row type that is applicable to the specific rollup grid.  For the Product Code grid, we expect things like MainUnitProdCode, SeparatelyBiddableProdCode, etc.  For the Product Family grid, we expect things like ProductFamily, Selection, SelectionMainUnitProdCode, etc.  For the Product Model grid, we expect things like SelectionMainUnitProdCode, SelectionMainUnitProdCodeWithModelNumber, etc.</param>
            <param name="rowIdentifier">Identifies which row in the grid is being edited (not applicable for some row types, like Totals, GrandTotals or AllJobVariations)</param>
            <param name="columnIdentifier">Identifies which column is being edited (such as EnteredDollars, EnteredMultiplier, etc.)</param>
            <param name="oldValue">Old (previous) value</param>
            <param name="newValue">New value</param>
            <returns>Upon success, returns post-edited PriceRollup grid data, otherwise returns reasons for failure</returns>
        </member>
        <member name="M:SalesRollupService.Controllers.SalesRollupController.CopyMultipliers(System.Int32,System.Int32,System.String,System.String)">
            <summary>
            Copies multipliers, and returns refreshed PriceRollup grid data upon success.
            </summary>
            <param name="jobId">The job ID</param>
            <param name="bidId">The bid ID</param>
            <param name="rollupType">Rollup shape (code, family, model)</param>
            <param name="source">Identifies the source of copied data (FAP, Authorized or PricingPolicy)</param>
            <returns>Upon success, returns post-edited PriceRollup grid data, otherwise returns reasons for failure</returns>
        </member>
        <member name="T:SalesRollupService.Core.Behaviors.ValidatorBehavior`2">
            <summary>
            Validator behavior
            </summary>
            <typeparam name="TRequest">TRequest details</typeparam>
            <typeparam name="TResponse">TResponse details</typeparam>
        </member>
        <member name="M:SalesRollupService.Core.Behaviors.ValidatorBehavior`2.#ctor(FluentValidation.IValidator{`0}[])">
            <summary>
            Initializes a new instance of the <see cref="T:SalesRollupService.Core.Behaviors.ValidatorBehavior`2"/> class.
            </summary>
            <param name="validators">Validators details</param>
        </member>
        <member name="M:SalesRollupService.Core.Behaviors.ValidatorBehavior`2.Handle(`0,System.Threading.CancellationToken,MediatR.RequestHandlerDelegate{`1})">
            <summary>
            Handle request
            </summary>
            <param name="request">Request details</param>
            <param name="cancellationToken">Cancellation Token</param>
            <param name="next">Next request handler delegate</param>
            <returns>Representing the asynchronous operation.</returns>
        </member>
        <member name="T:SalesRollupService.Core.Models.Bid">
            <summary>
            bid alternate model
            </summary>
        </member>
        <member name="P:SalesRollupService.Core.Models.Bid.BidAlternateId">
            <summary>
            Gets or sets bid alternate id
            </summary>
        </member>
        <member name="P:SalesRollupService.Core.Models.Bid.CurrentBidInd">
            <summary>
            Gets or sets current bid identifier
            </summary>
        </member>
        <member name="P:SalesRollupService.Core.Models.Bid.BaseBidYesNo">
            <summary>
            Gets or sets base bid yes no flag
            </summary>
        </member>
        <member name="P:SalesRollupService.Core.Models.Bid.IsCurrentBid">
            <summary>
            Gets a value indicating whether this object is the current bid
            </summary>
        </member>
        <member name="P:SalesRollupService.Core.Models.Bid.IsBaseBid">
            <summary>
            Gets a value indicating whether this object is the base bid
            </summary>
        </member>
        <member name="T:SalesRollupService.Core.Models.JobScoring.ProductCodeQuintile">
            <summary>
            Class for product code quintile properties
            </summary>
        </member>
        <member name="P:SalesRollupService.Core.Models.JobScoring.ProductCodeQuintile.ProductCode">
            <summary>
            Gets or sets product code that these quintiles apply to
            </summary>
        </member>
        <member name="P:SalesRollupService.Core.Models.JobScoring.ProductCodeQuintile.Quintiles">
            <summary>
            Gets or sets quintiles or buckets for price grading
            </summary>
        </member>
        <member name="P:SalesRollupService.Core.Models.JobScoring.ProductCodeQuintile.IsExempt">
            <summary>
            Gets or sets a value indicating whether this product code is exempt from certain scoring caclulations
            </summary>
        </member>
        <member name="T:SalesRollupService.Core.Models.JobScoring.Quintile">
            <summary>
            Class for quintile properties.  A quintile is any of five equal groups into which data can be divided
            according to the distribution of values of a particular variable - ie - a price bucket.
            </summary>
        </member>
        <member name="P:SalesRollupService.Core.Models.JobScoring.Quintile.JobSizeMin">
            <summary>
            Gets or sets job size min inclusive endpoint in USD
            </summary>
        </member>
        <member name="P:SalesRollupService.Core.Models.JobScoring.Quintile.JobSizeMax">
            <summary>
            Gets or sets job size max exclusive endpoint in USD
            </summary>
        </member>
        <member name="P:SalesRollupService.Core.Models.JobScoring.Quintile.StartB">
            <summary>
            Gets or sets start b
            </summary>
        </member>
        <member name="P:SalesRollupService.Core.Models.JobScoring.Quintile.StartC">
            <summary>
            Gets or sets start c
            </summary>
        </member>
        <member name="P:SalesRollupService.Core.Models.JobScoring.Quintile.StartD">
            <summary>
            Gets or sets start d
            </summary>
        </member>
        <member name="P:SalesRollupService.Core.Models.JobScoring.Quintile.StartE">
            <summary>
            Gets or sets start e
            </summary>
        </member>
        <member name="T:SalesRollupService.Core.Models.JobScoring.SalesOfficeScoringData">
            <summary>
            Class for sales office scoring data properties
            </summary>
        </member>
        <member name="P:SalesRollupService.Core.Models.JobScoring.SalesOfficeScoringData.ProductCodeQuintiles">
            <summary>
            Gets or sets an enumeration of product code quintiles
            </summary>
        </member>
        <member name="P:SalesRollupService.Core.Models.JobScoring.SalesOfficeScoringData.JobSizeFactor">
            <summary>
            Gets or sets the job size factor
            </summary>
        </member>
        <member name="P:SalesRollupService.Core.Models.JobScoring.SalesOfficeScoringData.CurrencyExchangeRate">
            <summary>
            Gets or sets the currency exchange rate
            </summary>
        </member>
        <member name="T:SalesRollupService.Core.Models.SelectedPricingParm">
            <summary>
            selected pricing parm model
            </summary>
        </member>
        <member name="P:SalesRollupService.Core.Models.SelectedPricingParm.SELECTED_PRICING_PARM_ID">
            <summary>
            Gets or sets selected pricing parm id
            </summary>
        </member>
        <member name="P:SalesRollupService.Core.Models.SelectedPricingParm.SELECTION_ID">
            <summary>
            Gets or sets selection id
            </summary>
        </member>
        <member name="P:SalesRollupService.Core.Models.SelectedPricingParm.PROD_PRICING_GRP_ID">
            <summary>
            Gets or sets prod pricing group id
            </summary>
        </member>
        <member name="P:SalesRollupService.Core.Models.SelectedPricingParm.AUTH_MULT">
            <summary>
            Gets or sets authorized multiplier
            </summary>
        </member>
        <member name="P:SalesRollupService.Core.Models.SelectedPricingParm.AUTH_COST_POINT_LPAF">
            <summary>
            Gets or sets authorized cost point list price adjustment factor
            </summary>
        </member>
        <member name="P:SalesRollupService.Core.Models.SelectedPricingParm.SALES_ORD_ID">
            <summary>
            Gets or sets sales order id
            </summary>
        </member>
        <member name="P:SalesRollupService.Core.Models.SelectedPricingParm.IsOrdered">
            <summary>
            Gets a value indicating whether the selection has bene ordered
            </summary>
        </member>
        <member name="T:SalesRollupService.Core.Repository.DiscountImportRepository">
            <summary>
            Implementation of the Discount Import repository
            </summary>
        </member>
        <member name="M:SalesRollupService.Core.Repository.DiscountImportRepository.#ctor(TSMT.DataAccess.IRepository{TSMT.DataAccess.IDataEntity})">
            <summary>
            Initializes a new instance of the <see cref="T:SalesRollupService.Core.Repository.DiscountImportRepository"/> class.
            </summary>
            <param name="repository">repository instance</param>
        </member>
        <member name="M:SalesRollupService.Core.Repository.DiscountImportRepository.HonorDrAddressId(System.Nullable{System.Int32})">
            <inheritdoc/>
        </member>
        <member name="M:SalesRollupService.Core.Repository.DiscountImportRepository.GetBids(System.Int32)">
            <inheritdoc/>
        </member>
        <member name="M:SalesRollupService.Core.Repository.DiscountImportRepository.GetCurrentBid(System.Int32)">
            <inheritdoc/>
        </member>
        <member name="M:SalesRollupService.Core.Repository.DiscountImportRepository.GetSelectedPricingParms(System.Int32)">
            <inheritdoc/>
        </member>
        <member name="M:SalesRollupService.Core.Repository.DiscountImportRepository.UpdateSelectedPricingParm(SalesRollupService.Core.Models.SelectedPricingParm)">
            <inheritdoc/>
        </member>
        <member name="T:SalesRollupService.Core.Repository.IDiscountImportRepository">
            <summary>
            Interface for the Discount Import repository
            </summary>
        </member>
        <member name="M:SalesRollupService.Core.Repository.IDiscountImportRepository.HonorDrAddressId(System.Nullable{System.Int32})">
            <summary>
            Identify the dr_address_id (vpd) which should be honored when interacting with the database
            </summary>
            <param name="drAddressId">dr address id</param>
        </member>
        <member name="M:SalesRollupService.Core.Repository.IDiscountImportRepository.GetBids(System.Int32)">
            <summary>
            Get bids on a job
            </summary>
            <param name="jobId">job id</param>
            <returns>bid collection</returns>
        </member>
        <member name="M:SalesRollupService.Core.Repository.IDiscountImportRepository.GetCurrentBid(System.Int32)">
            <summary>
            Get bid identified as current on a job
            </summary>
            <param name="jobId">job id</param>
            <returns>current bid, or null if none exist or not identified</returns>
        </member>
        <member name="M:SalesRollupService.Core.Repository.IDiscountImportRepository.GetSelectedPricingParms(System.Int32)">
            <summary>
            Get selected pricing parms for selection discounts
            </summary>
            <param name="bidId">bid alternate id</param>
            <returns>selected pricing parm collection</returns>
        </member>
        <member name="M:SalesRollupService.Core.Repository.IDiscountImportRepository.UpdateSelectedPricingParm(SalesRollupService.Core.Models.SelectedPricingParm)">
            <summary>
            Update selected pricing parameter discount information
            </summary>
            <param name="spp">selected pricing parameter</param>
            <returns>task</returns>
        </member>
        <member name="T:SalesRollupService.Core.ServiceApis.IJobScoringApiClient">
            <summary>
            API Client for job scoring service
            </summary>
        </member>
        <member name="M:SalesRollupService.Core.ServiceApis.IJobScoringApiClient.GetSalesOfficeScoringData(System.Int32,System.Collections.Generic.IEnumerable{System.String},System.String)">
            <summary>
            Gets sales office scoring data
            </summary>
            <param name="salesOfficeId">sales office id</param>
            <param name="prodCodes">prod codes</param>
            <param name="custChannelId">cust channel id</param>
            <returns>Sales office scoring data object</returns>
        </member>
        <member name="T:SalesRollupService.Core.ServiceApis.JobScoringApiClient">
            <inheritdoc/>
        </member>
        <member name="M:SalesRollupService.Core.ServiceApis.JobScoringApiClient.#ctor(System.String,TSMT.ApiClient.IApiHttpClient)">
            <summary>
            Initializes a new instance of the <see cref="T:SalesRollupService.Core.ServiceApis.JobScoringApiClient"/> class.
            </summary>
            <param name="baseUrl">The base url for the api client</param>
            <param name="apiHttpClient">Api client for making http calls</param>
        </member>
        <member name="M:SalesRollupService.Core.ServiceApis.JobScoringApiClient.GetSalesOfficeScoringData(System.Int32,System.Collections.Generic.IEnumerable{System.String},System.String)">
            <inheritdoc/>
        </member>
        <member name="T:SalesRollupService.Core.Services.CommonSqsService">
            <summary>
            Common sqs service
            </summary>
        </member>
        <member name="M:SalesRollupService.Core.Services.CommonSqsService.#ctor(Microsoft.Extensions.Logging.ILogger{SalesRollupService.Core.Services.CommonSqsService},AWS.MessagingWrapper.Contracts.IMessageReceiver)">
            <summary>
            Initializes a new instance of the <see cref="T:SalesRollupService.Core.Services.CommonSqsService"/> class.
            </summary>
            <param name="logger">Logger</param>
            <param name="messageReceiver">Message receiver </param>
        </member>
        <member name="M:SalesRollupService.Core.Services.CommonSqsService.GetSQSMessagesAsync(System.String,System.Int32,System.Int32,System.Int32)">
            <summary>
            Receive the message from sqs queue
            </summary>
            <param name="sqsUrl"> Sqs queue url</param>
            <param name="maximumNumberOfMessages">Number to get the maximum count of messages from sqs</param>
            <param name="queueWaitTime">Sqs queue wait time</param>
            <param name="messageHidingTime">Message visibility time</param>
            <returns>A <see cref="T:System.Threading.Tasks.Task"/>Representing the asynchronous operation.</returns>
        </member>
        <member name="M:SalesRollupService.Core.Services.CommonSqsService.DeleteMessageAsync(Amazon.SQS.Model.Message,System.String)">
            <summary>
            Delete the sqs message
            </summary>
            <param name="message">Message to delete</param>
            <param name="sqsUrl"> Sqs queue url</param>
            <returns>Request id of deleted message</returns>
        </member>
        <member name="T:SalesRollupService.Core.Services.DiscountImportService">
            <summary>
            Hosted service to monitor TSMT-DiscountTransfer queue for CoJo approvals
            </summary>
        </member>
        <member name="M:SalesRollupService.Core.Services.DiscountImportService.#ctor(Microsoft.Extensions.Logging.ILogger{SalesRollupService.Core.Services.DiscountImportService},AWS.MessagingWrapper.Contracts.IMessageReceiver,Microsoft.Extensions.Options.IOptions{SalesRollupService.Configurations.CommonConfigurationSettings},SalesRollupService.Core.Services.IRollupHistoryService,SalesRollupService.Core.Repository.IDiscountImportRepository)">
            <summary>
            Initializes a new instance of the <see cref="T:SalesRollupService.Core.Services.DiscountImportService"/> class.
            </summary>
            <param name="logger">logger for trace/error messages</param>
            <param name="messageReceiver">queue for reading requests</param>
            <param name="appSettings">application settings</param>
            <param name="historyService">rollup history service</param>
            <param name="repository">discount import repository</param>
        </member>
        <member name="M:SalesRollupService.Core.Services.DiscountImportService.AddHistory(System.Int32,System.Int32,System.String,System.DateTime,System.Int32,TSMT.RollupDomain.Models.EditableColumnType,System.Decimal,System.Decimal)">
            <summary>
            Create rollup history entry
            </summary>
            <param name="jobId">job id</param>
            <param name="bidId">bid alternate id</param>
            <param name="userId">user responsible for the data update</param>
            <param name="editDate">datetime of edit activity</param>
            <param name="sppId">selected pricing parameter id</param>
            <param name="columnType">edited column</param>
            <param name="oldValue">prior value</param>
            <param name="newValue">new value</param>
            <returns>task</returns>
        </member>
        <member name="M:SalesRollupService.Core.Services.DiscountImportService.UpdateSalesOfficeJob(SalesRollupService.Core.ViewModels.DiscountTransferViewModel)">
            <summary>
            Update selected pricing paramters on a job with authorized discount
            </summary>
            <param name="transferJob">instance of a job, received from Cojo</param>
            <returns>task</returns>
        </member>
        <member name="M:SalesRollupService.Core.Services.DiscountImportService.ExecuteAsync(System.Threading.CancellationToken)">
            <summary>
            Executes the background service
            </summary>
            <param name="stoppingToken">token for canceling execution</param>
            <returns>Task representing completion</returns>
        </member>
        <member name="T:SalesRollupService.Core.Services.ICommonSqsService">
            <summary>
            Interface for Common SQS Service
            </summary>
        </member>
        <member name="M:SalesRollupService.Core.Services.ICommonSqsService.GetSQSMessagesAsync(System.String,System.Int32,System.Int32,System.Int32)">
            <summary>
            Receive the message from sqs queue
            </summary>
            <param name="sqsUrl"> Sqs queue url</param>
            <param name="maximumNumberOfMessages">Number to get the maximum count of messages from sqs</param>
            <param name="queueWaitTime">Sqs queue wait time</param>
            <param name="messageHidingTime">Message visibility time</param>
            <returns>A <see cref="T:System.Threading.Tasks.Task"/>Representing the asynchronous operation.</returns>
        </member>
        <member name="M:SalesRollupService.Core.Services.ICommonSqsService.DeleteMessageAsync(Amazon.SQS.Model.Message,System.String)">
            <summary>
            Delete the sqs message
            </summary>
            <param name="message">Message to delete</param>
            <param name="sqsUrl"> Sqs queue url</param>
            <returns>Request id of deleted message</returns>
        </member>
        <member name="T:SalesRollupService.Core.Services.IRollupEnumService">
            <summary>
            Exposes routines for getting information about rollup enumerations.
            </summary>
        </member>
        <member name="M:SalesRollupService.Core.Services.IRollupEnumService.CreateEnumTuples(System.Type)">
            <summary>
            Create an ordered collection of enum tuples
            where each tuple is the pair of an enum's index and name.
            </summary>
            <param name="enumType">The enum to use</param>
            <returns>A collection of tuples</returns>
        </member>
        <member name="T:SalesRollupService.Core.Services.IRollupGridService">
            <summary>
            Exposes routines to build rollup grids and respond to grid edits.
            </summary>
        </member>
        <member name="M:SalesRollupService.Core.Services.IRollupGridService.GetRollupBaseData(System.Int32,System.Int32)">
            <summary>
            Gathers rollup base data (including SPP-level data) for a job/bid.
            </summary>
            <param name="jobId">Job ID</param>
            <param name="bidId">Bid ID</param>
            <returns>rollup base data</returns>
        </member>
        <member name="M:SalesRollupService.Core.Services.IRollupGridService.GetRollupGrid(System.Int32,System.Int32,TSMT.RollupDomain.Models.RollupType,System.Boolean)">
            <summary>
            Builds a rollup grid for a job/bid.
            </summary>
            <param name="jobId">The job ID</param>
            <param name="bidId">The bid ID</param>
            <param name="rollupType">Type of rollup to return (code, family, model)</param>
            <param name="calculatePricingPolicy">Should we calculate pricing policy?</param>
            <returns>A grid model</returns>
        </member>
        <member name="M:SalesRollupService.Core.Services.IRollupGridService.GetRollupGrid(PriceRollupCalculationEngine.ViewModels.PriceRollupBaseDataViewModel,TSMT.RollupDomain.Models.RollupType,System.Boolean)">
            <summary>
            Shapes rollup base data into a rollup grid.
            </summary>
            <param name="baseData">Rollup base data (including SPP-level data)</param>
            <param name="rollupType">Type of rollup to return (code, family, model)</param>
            <param name="calculatePricingPolicy">Should we calculate pricing policy?</param>
            <returns>A grid model</returns>
        </member>
        <member name="M:SalesRollupService.Core.Services.IRollupGridService.ApplyRollupGridEdit(System.Int32,System.Int32,PriceRollupCalculationEngine.ViewModels.PriceRollupBaseDataViewModel,TSMT.RollupDomain.Models.PriceRollupEdit,System.Collections.Generic.List{System.String})">
            <summary>
            Applies a grid edit to the underlying database.
            </summary>
            <param name="jobId">Job ID</param>
            <param name="bidId">Bid ID</param>
            <param name="baseData">Existing rollup base data (including SPP-level data)</param>
            <param name="priceRollupEdit">Circumstances of the edit attempt (which cell is being edited, and the desired change)</param>
            <param name="responseErrors">List of errors, populated during the edit attempt, which explain why the edit could not be applied</param>
            <returns>true when successful, false when the edit could not be applied</returns>
        </member>
        <member name="M:SalesRollupService.Core.Services.IRollupGridService.CopyMultipliers(System.Int32,System.Int32,PriceRollupCalculationEngine.ViewModels.PriceRollupBaseDataViewModel,TSMT.RollupDomain.Models.CopyMultiplierSource,System.Collections.Generic.List{PriceRollupCalculationEngine.Models.CopiedMultiplier},System.Collections.Generic.List{System.String})">
            <summary>
            Copies multipliers, applying changes to the underlying database.
            </summary>
            <param name="jobId">Job ID</param>
            <param name="bidId">Bid ID</param>
            <param name="baseData">Existing rollup base data (including SPP-level data)</param>
            <param name="copyMultiplierSource">Identifies the source of copied data</param>
            <param name="copiedMultipliers">When successful, this list is populated with the multiplier values that were changed</param>
            <param name="responseErrors">List of errors, populated during the copy attempt, which explain why the copy could not be applied</param>
            <returns>true when successful, false when the copy could not be applied</returns>
        </member>
        <member name="T:SalesRollupService.Core.Services.IRollupHistoryService">
            <summary>
            A service for handling rollup histories
            </summary>
        </member>
        <member name="M:SalesRollupService.Core.Services.IRollupHistoryService.GetHistory(System.Int32,System.Int32)">
            <summary>
            Gets the entire history of edits for a rollup
            </summary>
            <param name="jobId">The job for the rollup</param>
            <param name="bidId">The bid for the rollup</param>
            <returns>The history</returns>
        </member>
        <member name="M:SalesRollupService.Core.Services.IRollupHistoryService.AppendEdit(System.Int32,System.Int32,TSMT.RollupDomain.Models.PriceRollupEdit)">
            <summary>
            Appends (or creates) a history with an edit
            </summary>
            <param name="jobId">The job for the rollup</param>
            <param name="bidId">The bid for the rollup</param>
            <param name="edit">The edit to append</param>
            <returns>The state of success</returns>
        </member>
        <member name="M:SalesRollupService.Core.Services.IRollupHistoryService.RemoveEdits(System.Int32,System.Int32,System.Collections.Generic.IList{System.Guid})">
            <summary>
            Removes edits for provided IDs
            </summary>
            <param name="jobId">The job for the rollup</param>
            <param name="bidId">The bid for the rollup</param>
            <param name="editIds">The edit IDs to remove</param>
            <returns>The state of success</returns>
        </member>
        <member name="M:SalesRollupService.Core.Services.IRollupHistoryService.RewindHistory(SalesRollupService.Core.ViewModels.RewindHistoryRequestViewModel)">
            <summary>
            Rewinds a rollup history to a certain edit
            </summary>
            <param name="request">The request model</param>
            <returns>A rewound rollup</returns>
        </member>
        <member name="T:SalesRollupService.Core.Services.IRollupViewService">
            <summary>
            A service for handling rollup views
            </summary>
        </member>
        <member name="M:SalesRollupService.Core.Services.IRollupViewService.PutView(SalesRollupService.Core.ViewModels.RollupViewViewModel)">
            <summary>
            Adds a view.
            The view is replaced if it already exists.
            </summary>
            <param name="view">The view model</param>
            <returns>A task</returns>
        </member>
        <member name="M:SalesRollupService.Core.Services.IRollupViewService.PutViews(System.Collections.Generic.IEnumerable{SalesRollupService.Core.ViewModels.RollupViewViewModel})">
            <summary>
            Adds a batch of views.
            A view is replaced if it already exists.
            </summary>
            <param name="views">The view batch</param>
            <returns>A task</returns>
        </member>
        <member name="M:SalesRollupService.Core.Services.IRollupViewService.DeleteView(System.String)">
            <summary>
            Deletes a view (a 'standard' view).
            </summary>
            <param name="viewName">The name of the view to delete</param>
            <returns>A task</returns>
        </member>
        <member name="M:SalesRollupService.Core.Services.IRollupViewService.GetViews">
            <summary>
            Gets all views.
            </summary>
            <returns>The views</returns>
        </member>
        <member name="M:SalesRollupService.Core.Services.IRollupViewService.GetUserViews(System.String)">
            <summary>
            Gets all views available for a specific user (AKA owner).
            This includes both standard and custom views.
            </summary>
            <param name="userName">The user name used to filter views</param>
            <returns>The views for the user</returns>
        </member>
        <member name="M:SalesRollupService.Core.Services.IRollupViewService.PutColumn(System.String,SalesRollupService.Core.ViewModels.RollupColumnViewModel)">
            <summary>
            Adds a column to a view (a 'standard' view).
            The column is replaced if it already exists.
            Indices of other columns are adjusted to accommodate.
            </summary>
            <param name="viewName">The name of the view to add the column to</param>
            <param name="column">The model of the column to add</param>
            <returns>A task</returns>
        </member>
        <member name="M:SalesRollupService.Core.Services.IRollupViewService.DeleteColumn(System.String,TSMT.RollupDomain.Models.RollupColumnType)">
            <summary>
            Deletes a column from a view (a 'standard' view).
            Indices of other columns are adjusted to accommodate.
            </summary>
            <param name="viewName">The ID of the view to delete the column from</param>
            <param name="columnType">The type (AKA ID) of the the column to delete</param>
            <returns>A task</returns>
        </member>
        <member name="T:SalesRollupService.Core.Services.RollupEnumService">
            <inheritdoc/>
        </member>
        <member name="M:SalesRollupService.Core.Services.RollupEnumService.CreateEnumTuples(System.Type)">
            <inheritdoc/>
        </member>
        <member name="T:SalesRollupService.Core.Services.RollupGridService">
            <summary>
            Exposes routines to build rollup grids and respond to grid edits.
            </summary>
        </member>
        <member name="M:SalesRollupService.Core.Services.RollupGridService.#ctor(AutoMapper.IMapper,PriceRollupCalculationEngine.CalculationEngine.IRollupBuilder,TSMT.RollupDataAccess.Services.IReadRollupDataService,TSMT.RollupDataAccess.Services.IWriteRollupDataService,PriceRollupCalculationEngine.CalculationEngine.IRollupCriticalWriteProducer,PriceRollupCalculationEngine.CalculationEngine.IRollupAncillaryWriteProducer,Microsoft.AspNetCore.Http.IHttpContextAccessor,SalesRollupService.Core.ServiceApis.IJobScoringApiClient)">
            <summary>
            Initializes a new instance of the <see cref="T:SalesRollupService.Core.Services.RollupGridService"/> class.
            </summary>
            <param name="mapper">The object mapper</param>
            <param name="rollupBuilder">The rollup builder engine</param>
            <param name="readRollupDataService">The rollup read-only data access</param>
            <param name="writeRollupDataService">The rollup writeable data access</param>
            <param name="rollupCriticalWriteProducer">The rollup critical write producer</param>
            <param name="rollupAncillaryWriteProducer">The rollup ancillary write producer</param>
            <param name="httpContextAccessor">The HTTP context accessor</param>
            <param name="jobScoringApiClient">Job scoring api client</param>
        </member>
        <member name="M:SalesRollupService.Core.Services.RollupGridService.GetRollupBaseData(System.Int32,System.Int32)">
            <inheritdoc/>
        </member>
        <member name="M:SalesRollupService.Core.Services.RollupGridService.GetRollupGrid(System.Int32,System.Int32,TSMT.RollupDomain.Models.RollupType,System.Boolean)">
            <inheritdoc/>
        </member>
        <member name="M:SalesRollupService.Core.Services.RollupGridService.GetRollupGrid(PriceRollupCalculationEngine.ViewModels.PriceRollupBaseDataViewModel,TSMT.RollupDomain.Models.RollupType,System.Boolean)">
            <inheritdoc/>
        </member>
        <member name="M:SalesRollupService.Core.Services.RollupGridService.ApplyRollupGridEdit(System.Int32,System.Int32,PriceRollupCalculationEngine.ViewModels.PriceRollupBaseDataViewModel,TSMT.RollupDomain.Models.PriceRollupEdit,System.Collections.Generic.List{System.String})">
            <inheritdoc/>
        </member>
        <member name="M:SalesRollupService.Core.Services.RollupGridService.CopyMultipliers(System.Int32,System.Int32,PriceRollupCalculationEngine.ViewModels.PriceRollupBaseDataViewModel,TSMT.RollupDomain.Models.CopyMultiplierSource,System.Collections.Generic.List{PriceRollupCalculationEngine.Models.CopiedMultiplier},System.Collections.Generic.List{System.String})">
            <inheritdoc/>
        </member>
        <member name="M:SalesRollupService.Core.Services.RollupGridService.FinishDatabaseEdits(System.Int32,System.Int32,PriceRollupCalculationEngine.ViewModels.PriceRollupBaseDataViewModel,System.Collections.Generic.List{PriceRollupCalculationEngine.Models.WriteRollupDataStatement},System.Collections.Generic.List{System.String})">
            <summary>
            Carries the desired database writes across the finish line, actually writing to the database.
            </summary>
            <param name="jobId">Job ID</param>
            <param name="bidId">Bid ID</param>
            <param name="baseData">Existing rollup base data (including SPP-level data)</param>
            <param name="writeStatements">List of database write statements, to be applied to the database</param>
            <param name="responseErrors">List of errors, which explain why the edits could not be applied</param>
            <returns>true when successful, false when the database edits could not be applied</returns>
        </member>
        <member name="T:SalesRollupService.Core.Services.RollupHistoryBackgroundService">
            <summary>
            Rollup History Background Service
            </summary>
        </member>
        <member name="M:SalesRollupService.Core.Services.RollupHistoryBackgroundService.#ctor(Microsoft.Extensions.Options.IOptions{SalesRollupService.Configurations.CommonConfigurationSettings},SalesRollupService.Core.Services.ICommonSqsService,TSMT.RollupDataAccess.Repositories.IRollupHistoryRepository,Microsoft.Extensions.Logging.ILogger{SalesRollupService.Core.Services.RollupHistoryBackgroundService})">
            <summary>
            Initializes a new instance of the <see cref="T:SalesRollupService.Core.Services.RollupHistoryBackgroundService"/> class.
            </summary>
            <param name="logger">Logging the information</param>
            <param name="commonConfigurationSettings">Set configurable values</param>
            <param name="commonSqsService">Message receiver</param>
            <param name="rollupHistoryRepository">Rollup history repository</param>
        </member>
        <member name="M:SalesRollupService.Core.Services.RollupHistoryBackgroundService.ProcessRollupHistoryExecution(Amazon.SQS.Model.Message)">
            <summary>
            Process the message
            </summary>
            <param name="message">Message to process</param>
            <returns>A <see cref="T:System.Threading.Tasks.Task"/>Representing the asynchronous operation.</returns>
        </member>
        <member name="M:SalesRollupService.Core.Services.RollupHistoryBackgroundService.ExecuteAsync(System.Threading.CancellationToken)">
            <summary>
            Start execution of rollup history background service
            </summary>
            <param name="stoppingToken">Canellation token</param>
            <returns>A <see cref="T:System.Threading.Tasks.Task"/>Representing the asynchronous operation</returns>
        </member>
        <member name="T:SalesRollupService.Core.Services.RollupHistoryService">
            <summary>
            A service for handling rollup histories
            </summary>
        </member>
        <member name="M:SalesRollupService.Core.Services.RollupHistoryService.#ctor(Microsoft.Extensions.Logging.ILogger{SalesRollupService.Core.Services.RollupHistoryService},AutoMapper.IMapper,Microsoft.AspNetCore.Http.IHttpContextAccessor,TSMT.RollupDataAccess.Services.IReadRollupDataService,TSMT.RollupDataAccess.Services.IWriteRollupDataService,SalesRollupService.Core.Services.IRollupGridService,TSMT.RollupDataAccess.Repositories.IRollupHistoryRepository,PriceRollupCalculationEngine.CalculationEngine.IRollupHistoryRewinder,TSMT.RollupDataAccess.Repositories.IRollupRepository,Microsoft.Extensions.Options.IOptions{SalesRollupService.Configurations.CommonConfigurationSettings})">
            <summary>
            Initializes a new instance of the <see cref="T:SalesRollupService.Core.Services.RollupHistoryService"/> class.
            </summary>
            <param name="logger">The class logger</param>
            <param name="mapper">The object mapper</param>
            <param name="httpContextAccessor">The HTTP context accessor</param>
            <param name="rollupReadDataService">The read data service</param>
            <param name="rollupWriteDataService">The write data service</param>
            <param name="rollupGridService">The rollup grid service</param>
            <param name="rollupHistoryRepository">The history repository</param>
            <param name="rollupHistoryRewinder">The history rewinder</param>
            <param name="rollupRepository">The rollup repository</param>
            <param name="commonConfigurationSettings">The common configuration settings</param>
        </member>
        <member name="M:SalesRollupService.Core.Services.RollupHistoryService.GetHistory(System.Int32,System.Int32)">
            <inheritdoc/>
        </member>
        <member name="M:SalesRollupService.Core.Services.RollupHistoryService.AppendEdit(System.Int32,System.Int32,TSMT.RollupDomain.Models.PriceRollupEdit)">
            <inheritdoc/>
        </member>
        <member name="M:SalesRollupService.Core.Services.RollupHistoryService.RemoveEdits(System.Int32,System.Int32,System.Collections.Generic.IList{System.Guid})">
            <inheritdoc/>
        </member>
        <member name="M:SalesRollupService.Core.Services.RollupHistoryService.RewindHistory(SalesRollupService.Core.ViewModels.RewindHistoryRequestViewModel)">
            <inheritdoc/>
        </member>
        <member name="M:SalesRollupService.Core.Services.RollupHistoryService.LoadDescriptionForSelections(System.Collections.Generic.IEnumerable{TSMT.RollupDomain.Models.PriceRollupEdit})">
            <summary>
            Load the description for selection records by selection Ids
            </summary>
            <param name="priceRollupEdits">History record from document DB</param>
            <returns>representing the asynchronous operation.</returns>
        </member>
        <member name="M:SalesRollupService.Core.Services.RollupHistoryService.LoadDescriptionForProductFamilies(System.Collections.Generic.IEnumerable{TSMT.RollupDomain.Models.PriceRollupEdit})">
            <summary>
            Load the description for family by family Ids
            </summary>
            <param name="priceRollupEdits">History record from document DB</param>
            <returns>representing the asynchronous operation.</returns>
        </member>
        <member name="M:SalesRollupService.Core.Services.RollupHistoryService.LoadDescriptionForProductCodes(System.Collections.Generic.IEnumerable{TSMT.RollupDomain.Models.PriceRollupEdit})">
            <summary>
            Load the description for main unit product code, separately biddable product code, variation product code, selection separately biddable product code, selection variation prodcut code by product codes
            </summary>
            <param name="priceRollupEdits">History record from document DB</param>
            <returns>representing the asynchronous operation.</returns>
        </member>
        <member name="M:SalesRollupService.Core.Services.RollupHistoryService.LoadDescriptionForVariations(System.Collections.Generic.IEnumerable{TSMT.RollupDomain.Models.PriceRollupEdit})">
            <summary>
            Load the description for job variation product code by variation Ids
            </summary>
            <param name="priceRollupEdits">History record from document DB</param>
            <returns>representing the asynchronous operation.</returns>
        </member>
        <member name="T:SalesRollupService.Core.Services.RollupViewService">
            <summary>
            A service for handling rollup views
            </summary>
        </member>
        <member name="M:SalesRollupService.Core.Services.RollupViewService.#ctor(AutoMapper.IMapper,TSMT.RollupDataAccess.Repositories.IRollupViewRepository)">
            <summary>
            Initializes a new instance of the <see cref="T:SalesRollupService.Core.Services.RollupViewService"/> class.
            </summary>
            <param name="mapper">The object mapper</param>
            <param name="viewRepository">The view repository</param>
        </member>
        <member name="M:SalesRollupService.Core.Services.RollupViewService.PutView(SalesRollupService.Core.ViewModels.RollupViewViewModel)">
            <inheritdoc/>
        </member>
        <member name="M:SalesRollupService.Core.Services.RollupViewService.PutViews(System.Collections.Generic.IEnumerable{SalesRollupService.Core.ViewModels.RollupViewViewModel})">
            <inheritdoc/>
        </member>
        <member name="M:SalesRollupService.Core.Services.RollupViewService.DeleteView(System.String)">
            <inheritdoc/>
        </member>
        <member name="M:SalesRollupService.Core.Services.RollupViewService.GetViews">
            <inheritdoc/>
        </member>
        <member name="M:SalesRollupService.Core.Services.RollupViewService.GetUserViews(System.String)">
            <inheritdoc/>
        </member>
        <member name="M:SalesRollupService.Core.Services.RollupViewService.PutColumn(System.String,SalesRollupService.Core.ViewModels.RollupColumnViewModel)">
            <inheritdoc/>
        </member>
        <member name="M:SalesRollupService.Core.Services.RollupViewService.DeleteColumn(System.String,TSMT.RollupDomain.Models.RollupColumnType)">
            <inheritdoc/>
        </member>
        <member name="T:SalesRollupService.Core.ViewModels.DiscountSelectionViewModel">
            <summary>
            Contains the discount information for a selection-pricing group
            </summary>
        </member>
        <member name="P:SalesRollupService.Core.ViewModels.DiscountSelectionViewModel.SelectionId">
            <summary>
            Gets or sets selection id
            </summary>
        </member>
        <member name="P:SalesRollupService.Core.ViewModels.DiscountSelectionViewModel.ProdPricingGroupId">
            <summary>
            Gets or sets product pricing group id
            </summary>
        </member>
        <member name="P:SalesRollupService.Core.ViewModels.DiscountSelectionViewModel.AuthMult">
            <summary>
            Gets or sets authorized multiplier
            </summary>
        </member>
        <member name="P:SalesRollupService.Core.ViewModels.DiscountSelectionViewModel.AuthCplpaf">
            <summary>
            Gets or sets authorized cost point lpaf
            </summary>
        </member>
        <member name="P:SalesRollupService.Core.ViewModels.DiscountSelectionViewModel.IsApplied">
            <summary>
            Gets or sets a value indicating whether discount has been checked/applied</summary>
        </member>
        <member name="T:SalesRollupService.Core.ViewModels.DiscountTransferViewModel">
            <summary>
            Contains the discount information for a job
            </summary>
        </member>
        <member name="P:SalesRollupService.Core.ViewModels.DiscountTransferViewModel.DrAddressId">
            <summary>
            Gets or sets dr address id
            </summary>
        </member>
        <member name="P:SalesRollupService.Core.ViewModels.DiscountTransferViewModel.JobId">
            <summary>
            Gets or sets job id
            </summary>
        </member>
        <member name="P:SalesRollupService.Core.ViewModels.DiscountTransferViewModel.UserId">
            <summary>
            Gets or sets user id
            </summary>
        </member>
        <member name="P:SalesRollupService.Core.ViewModels.DiscountTransferViewModel.Selections">
            <summary>
            Gets or sets selections
            </summary>
        </member>
        <member name="T:SalesRollupService.Core.ViewModels.RewindHistoryRequestViewModel">
            <summary>
            A model of a request to rewind a rollup's history
            </summary>
        </member>
        <member name="P:SalesRollupService.Core.ViewModels.RewindHistoryRequestViewModel.JobId">
            <summary>
            Gets or sets the job for the rollup
            </summary>
        </member>
        <member name="P:SalesRollupService.Core.ViewModels.RewindHistoryRequestViewModel.BidId">
            <summary>
            Gets or sets the bid for the rollup
            </summary>
        </member>
        <member name="P:SalesRollupService.Core.ViewModels.RewindHistoryRequestViewModel.Edit">
            <summary>
            Gets or sets the edit to rewind to
            </summary>
        </member>
        <member name="P:SalesRollupService.Core.ViewModels.RewindHistoryRequestViewModel.RollupType">
            <summary>
            Gets or sets the rollup type to build in response.
            If omitted, the type of rollup is pulled from the edit.
            </summary>
        </member>
        <member name="M:SalesRollupService.Core.ViewModels.RewindHistoryRequestViewModel.Validate(System.String@)">
            <summary>
            Determines if the model is valid
            </summary>
            <param name="reason">The reason for false</param>
            <returns>The validity</returns>
        </member>
        <member name="T:SalesRollupService.Core.ViewModels.RewindHistoryResultViewModel">
            <summary>
            The result of using the history service to rewind history
            </summary>
        </member>
        <member name="M:SalesRollupService.Core.ViewModels.RewindHistoryResultViewModel.#ctor(PriceRollupCalculationEngine.ViewModels.RollupViewModel)">
            <summary>
            Initializes a new instance of the <see cref="T:SalesRollupService.Core.ViewModels.RewindHistoryResultViewModel"/> class.
            </summary>
            <param name="rollup">The rewound rollup</param>
        </member>
        <member name="M:SalesRollupService.Core.ViewModels.RewindHistoryResultViewModel.#ctor(System.String[])">
            <summary>
            Initializes a new instance of the <see cref="T:SalesRollupService.Core.ViewModels.RewindHistoryResultViewModel"/> class.
            </summary>
            <param name="errors">Errors that occurred</param>
        </member>
        <member name="P:SalesRollupService.Core.ViewModels.RewindHistoryResultViewModel.Rollup">
            <summary>
            Gets or sets the rewound rollup
            </summary>
        </member>
        <member name="P:SalesRollupService.Core.ViewModels.RewindHistoryResultViewModel.Errors">
            <summary>
            Gets or sets the errors that occurred during rewinding
            </summary>
        </member>
        <member name="P:SalesRollupService.Core.ViewModels.RewindHistoryResultViewModel.IsSuccessful">
            <summary>
            Gets a value indicating whether rewinding was successful
            </summary>
        </member>
        <member name="T:SalesRollupService.Core.ViewModels.RollupColumnViewModel">
            <summary>
            A view model for a rollup column
            </summary>
        </member>
        <member name="P:SalesRollupService.Core.ViewModels.RollupColumnViewModel.Id">
            <summary>
            Gets or sets the Id
            </summary>
        </member>
        <member name="P:SalesRollupService.Core.ViewModels.RollupColumnViewModel.Name">
            <summary>
            Gets or sets the name
            </summary>
        </member>
        <member name="P:SalesRollupService.Core.ViewModels.RollupColumnViewModel.Index">
            <summary>
            Gets or sets the index
            </summary>
        </member>
        <member name="T:SalesRollupService.Core.ViewModels.RollupViewViewModel">
            <summary>
            A view model for a rollup view
            </summary>
        </member>
        <member name="P:SalesRollupService.Core.ViewModels.RollupViewViewModel.Owner">
            <summary>
            Gets or sets the owner
            </summary>
        </member>
        <member name="P:SalesRollupService.Core.ViewModels.RollupViewViewModel.Name">
            <summary>
            Gets or sets the name
            </summary>
        </member>
        <member name="P:SalesRollupService.Core.ViewModels.RollupViewViewModel.Columns">
            <summary>
            Gets or sets the owner
            </summary>
        </member>
        <member name="T:SalesRollupService.Program">
            <summary>
            Program
            </summary>
        </member>
        <member name="M:SalesRollupService.Program.Main(System.String[])">
            <summary>
            Main
            </summary>
            <param name="args">args</param>
        </member>
        <member name="M:SalesRollupService.Program.BuildWebHost(System.String[])">
            <summary>
            BuildWebHost
            </summary>
            <param name="args">args</param>
            <returns>WebHost</returns>
        </member>
        <member name="T:SalesRollupService.Startup">
            <summary>
            Startup
            </summary>
        </member>
        <member name="M:SalesRollupService.Startup.#ctor(Microsoft.Extensions.Configuration.IConfiguration,Microsoft.AspNetCore.Hosting.IWebHostEnvironment)">
            <summary>
            Initializes a new instance of the <see cref="T:SalesRollupService.Startup"/> class.
            </summary>
            <param name="configuration">configuration</param>
            <param name="env">hosting environment</param>
        </member>
        <member name="P:SalesRollupService.Startup.Configuration">
            <summary>
            Gets Configuration
            </summary>
        </member>
        <member name="P:SalesRollupService.Startup.HostingEnvironment">
            <summary>
            Gets the Hosting Environment.
            </summary>
        </member>
        <member name="M:SalesRollupService.Startup.ConfigureServices(Microsoft.Extensions.DependencyInjection.IServiceCollection)">
            <summary>
            Initializes a new instance of the <see cref="T:System.IServiceProvider"/> class.
            </summary>
            <param name="services">configuration</param>
            <returns>Config</returns>
        </member>
        <member name="M:SalesRollupService.Startup.Configure(Microsoft.AspNetCore.Builder.IApplicationBuilder,Microsoft.AspNetCore.Hosting.IWebHostEnvironment)">
            <summary>
            This method gets called by the runtime. Use this method to configure the HTTP request pipeline.
            </summary>
            <param name="app">application builder</param>
            <param name="env">hosting environment</param>
        </member>
    </members>
</doc>
