<?xml version="1.0"?>
<doc>
    <assembly>
        <name>CAMGatewayService</name>
    </assembly>
    <members>
        <member name="T:CAMGatewayService.Configurations.ConfigParameterConstants">
            <summary>
            A class for configuration parameter constants
            </summary>
        </member>
        <member name="M:CAMGatewayService.Configurations.ConfigParameterConstants.#ctor">
            <summary>
            Initializes a new instance of the <see cref="T:CAMGatewayService.Configurations.ConfigParameterConstants"/> class.
            </summary>
        </member>
        <member name="P:CAMGatewayService.Configurations.ConfigParameterConstants.InfluxDb">
            <summary>
            Gets InfluxDb Parameter name
            </summary>
        </member>
        <member name="P:CAMGatewayService.Configurations.ConfigParameterConstants.InfluxDbUrl">
            <summary>
            Gets InfluxDb Url Parameter name
            </summary>
        </member>
        <member name="P:CAMGatewayService.Configurations.ConfigParameterConstants.InfluxDbUserName">
            <summary>
            Gets InfluxDb UserName Parameter name
            </summary>
        </member>
        <member name="P:CAMGatewayService.Configurations.ConfigParameterConstants.InfluxDbPassword">
            <summary>
            Gets InfluxDb Password Parameter name
            </summary>
        </member>
        <member name="T:CAMGatewayService.Configurations.InjectionModule">
            <summary>
            A module for configuring dependency injection
            </summary>
        </member>
        <member name="T:CAMGatewayService.Configurations.MappingProfile">
            <summary>
            A profile for configuring object mapping
            </summary>
        </member>
        <member name="T:CAMGatewayService.Controllers.CAMGatewayController">
            <summary>
            CAM GateWay Controller
            </summary>
        </member>
        <member name="M:CAMGatewayService.Controllers.CAMGatewayController.#ctor">
            <summary>
            Initializes a new instance of the <see cref="T:CAMGatewayService.Controllers.CAMGatewayController"/> class.
            </summary>
        </member>
        <member name="M:CAMGatewayService.Controllers.CAMGatewayController.Status">
            <summary>
             Return ok Status
             </summary>
             <returns>Status</returns>
        </member>
        <member name="M:CAMGatewayService.Program.Main(System.String[])">
            <summary>
            Main
            </summary>
            <param name="args">args</param>
        </member>
        <member name="M:CAMGatewayService.Program.BuildWebHost(System.String[])">
            <summary>
            BuildWebHost
            </summary>
            <param name="args">args</param>
            <returns>WebHost</returns>
        </member>
        <member name="M:CAMGatewayService.Startup.#ctor(Microsoft.Extensions.Configuration.IConfiguration,Microsoft.AspNetCore.Hosting.IWebHostEnvironment)">
            <summary>
            Initializes a new instance of the <see cref="T:CAMGatewayService.Startup"/> class.
            </summary>
            <param name="configuration">Configuration</param>
            <param name="environment">Environment</param>
        </member>
        <member name="P:CAMGatewayService.Startup.RepositoryTag">
            <summary>
            Gets RepositoryTag.
            </summary>
        </member>
        <member name="P:CAMGatewayService.Startup.ApplicationTitle">
            <summary>
            Gets Application.
            </summary>
        </member>
        <member name="P:CAMGatewayService.Startup.Configuration">
            <summary>
            Gets configuration.
            </summary>
        </member>
        <member name="P:CAMGatewayService.Startup.HostingEnvironment">
            <summary>
            Gets the hosting environment
            </summary>
        </member>
        <member name="M:CAMGatewayService.Startup.ConfigureServices(Microsoft.Extensions.DependencyInjection.IServiceCollection)">
            <summary>
            Initializes a new instance of the <see cref="T:System.IServiceProvider"/> class.
            </summary>
            <param name="services">IServiceCollection.</param>
            <returns>AutofacServiceProvider.</returns>
        </member>
        <member name="M:CAMGatewayService.Startup.Configure(Microsoft.AspNetCore.Builder.IApplicationBuilder,Microsoft.AspNetCore.Hosting.IWebHostEnvironment)">
            <summary>
            This method gets called by the runtime. Use this method to configure the HTTP request pipeline.
            </summary>
            <param name="application">Application builder</param>
            <param name="environment">Hosting environment</param>
        </member>
    </members>
</doc>
