{
  "projectId": "C526854",
  "projectName": "Fort Drum P20332 Barracks 2017 BAS2210328",
  "purchaseOrderId": "178",
  "purchaseOrderAmount": 500,
  "customerName": "Weather Engineers Incorporated",
  "projectStartDate": "2018-03-19T07:58:15",
  "projectEndDate": "2019-03-19T07:58:15",
  "projectStatus": "Active",
  "currency": "USD",
  "purchaseOrderDate": "2018-03-19T00:00:00",
  "isTaxExemption": true,
  "salesOffice": "Lorem ipsum dolor sit amet consectetur adipiscing elit",
  "projectManager": "Lorem ipsum dolor sit amet consectetur adipiscing elit",
  "customBillingDueDate": "2018-01-01T00:00:00",
  "pencilCopyDueDate": "2018-01-01T00:00:00",
  "ecCustomerId": "2004143",
  "r12CustomerId": 90512,
  "r12SiteId": "279353",
  "jobName": "Weather Engineers",
  "contacts": [
    {
      "name": "John Doe",
      "jobRole": "Accountant",
      "contactDetails": [
        {
          "phoneNumber": "561-123-6746",
          "emailAddress": "j.doe@email.com"
        }
      ]
    },
    {
      "name": "Mike Williams",
      "jobRole": "AR Officer",
      "contactDetails": [
        {
          "phoneNumber": "561-123-6746",
          "emailAddress": "mwilliams@email.com"
        }
      ]
    },
    {
      "name": "Lisa Jones",
      "jobRole": "Project Manager",
      "contactDetails": [
        {
          "phoneNumber": "736-733-3837",
          "emailAddress": "ljones@email.com"
        }
      ]
    }
  ],
  "billingMethod": "Default",
  "format": "LS",
  "invoiceDeliveryMethod": "Email",
  "invoiceDeliveryEmails": [
    "j.doe@email.com",
    "MikeWilliams@email.com",
    "msanders@email.com",
    "jyoung@email.com",
    "jbird@email.com",
    "ljones@email.com"
  ],
  "projectARDueAmount": 123,
  "currentDueAmount": 400,
  "pastDueAmount": 300,
  "invoiceType": "Regular",
  "printOption": "Regular",
  "otherDueAmount": 1210300,
  "billToAddress": "ATTN Accounts Payable PO Box 37068",
  "addressLine1": "799 Bennett Drive LONGWOOD",
  "addressLine2": null,
  "addressLine3": null,
  "city": "Jacksonville",
  "state": "FL",
  "county": "Duval",
  "country": "US",
  "zipCode": "32236",
  "zipPlus4Code": "1236",
  "billingHistory": [
    {
      "eventId": 1,
      "entryType": "IN",
      "eventStatus": "Completed",
      "errorDescription": "Oracle failed to generate the invoice",
      "billSource": "KOD",
      "orderId": "C2A648",
      "plannedShipmentId": "A123",
      "shipToSiteId": "AD83663",
      "eventDate": "2017-11-22T00:00:00",
      "transactionId": 38636538,
      "transactionDate": "2017-11-22T00:00:00",
      "preTaxAmount": 234980.9,
      "taxAmount": 234980.92,
      "invoiceAmount": 34978.92,
      "eventNote": "test",
      "billLineDetails": [
        {
          "eventId": 1,
          "lineType": "U",
          "manufacturingProductCode": "A123",
          "lineNote": "Lorem ipsum dolor sit amet, consectetur adipiscing elit. Nunc urna justo.",
          "quantityBilled": 1,
          "lineDescription": "Trane Materials",
          "preTaxAmount": 34978.92,
          "taxAmount": 34978.92,
          "invoiceAmount": 34978.92
        },
        {
          "eventId": 1,
          "lineType": "A",
          "manufacturingProductCode": "S123",
          "lineNote": "Lorem ipsum dolor sit amet, consectetur adipiscing elit. Nunc urna justo.",
          "quantityBilled": 1,
          "lineDescription": "Design and Engineering",
          "preTaxAmount": 345,
          "taxAmount": 0,
          "invoiceAmount": 0
        },
        {
          "eventId": 1,
          "lineType": "W",
          "manufacturingProductCode": "D123",
          "lineNote": "Lorem ipsum dolor sit amet, consectetur adipiscing elit. Nunc urna justo.",
          "quantityBilled": 1,
          "lineDescription": "System Installation",
          "preTaxAmount": 0,
          "taxAmount": 0,
          "invoiceAmount": 345
        },
        {
          "eventId": 1,
          "lineType": "C",
          "manufacturingProductCode": "F847",
          "lineNote": "Lorem ipsum dolor sit amet, consectetur adipiscing elit. Nunc urna justo.",
          "quantityBilled": 1,
          "lineDescription": "System Programming",
          "preTaxAmount": 0,
          "taxAmount": 0,
          "invoiceAmount": 0
        },
        {
          "eventId": 1,
          "lineType": "U",
          "manufacturingProductCode": "H837",
          "lineNote": "Lorem ipsum dolor sit amet, consectetur adipiscing elit. Nunc urna justo.",
          "quantityBilled": 1,
          "lineDescription": "Commissioning and Startup",
          "preTaxAmount": 34978.92,
          "taxAmount": 34978.92,
          "invoiceAmount": 0
        },
        {
          "eventId": 1,
          "lineType": "W",
          "manufacturingProductCode": "K837",
          "lineNote": "Lorem ipsum dolor sit amet, consectetur adipiscing elit. Nunc urna justo.",
          "quantityBilled": 1,
          "lineDescription": "Packaged Industrial Rooftop",
          "preTaxAmount": 34978.92,
          "taxAmount": 34978.92,
          "invoiceAmount": 34978.92
        },
        {
          "eventId": 1,
          "lineType": "C",
          "manufacturingProductCode": "K838",
          "lineNote": "Lorem ipsum dolor sit amet, consectetur adipiscing elit. Nunc urna justo.",
          "quantityBilled": 1,
          "lineDescription": "Packaged Industrial Rooftop",
          "preTaxAmount": 234980.92,
          "taxAmount": 234980.92,
          "invoiceAmount": 234980.92
        },
        {
          "eventId": 1,
          "lineType": "A",
          "manufacturingProductCode": "J737",
          "lineNote": "Lorem ipsum dolor sit amet, consectetur adipiscing elit. Nunc urna justo.",
          "quantityBilled": 1,
          "lineDescription": "Packaged Industrial Rooftop",
          "preTaxAmount": 345,
          "taxAmount": 345,
          "invoiceAmount": 234980.92
        },
        {
          "eventId": 1,
          "lineType": "U",
          "manufacturingProductCode": "K827",
          "lineNote": "Lorem ipsum dolor sit amet, consectetur adipiscing elit. Nunc urna justo.",
          "quantityBilled": 1,
          "lineDescription": "VAV Terminal Units",
          "preTaxAmount": 0,
          "taxAmount": 0,
          "invoiceAmount": 0
        },
        {
          "eventId": 1,
          "lineType": "A",
          "manufacturingProductCode": "L928",
          "lineNote": "Lorem ipsum dolor sit amet, consectetur adipiscing elit. Nunc urna justo.",
          "quantityBilled": 1,
          "lineDescription": "Ductless Mini Split System",
          "preTaxAmount": 0,
          "taxAmount": 0,
          "invoiceAmount": 0
        },
        {
          "eventId": 1,
          "lineType": "W",
          "manufacturingProductCode": "M838",
          "lineNote": "Lorem ipsum dolor sit amet, consectetur adipiscing elit. Nunc urna justo.",
          "quantityBilled": 1,
          "lineDescription": "Electric Unit Heater",
          "preTaxAmount": 345,
          "taxAmount": 0,
          "invoiceAmount": 0
        },
        {
          "eventId": 1,
          "lineType": "C",
          "manufacturingProductCode": "J837",
          "lineNote": "Lorem ipsum dolor sit amet, consectetur adipiscing elit. Nunc urna justo.",
          "quantityBilled": 1,
          "lineDescription": "Ductless Systems",
          "preTaxAmount": 345,
          "taxAmount": 0,
          "invoiceAmount": 0
        },
        {
          "eventId": 1,
          "lineType": "U",
          "manufacturingProductCode": "J830",
          "lineNote": "Lorem ipsum dolor sit amet, consectetur adipiscing elit. Nunc urna justo.",
          "quantityBilled": 1,
          "lineDescription": "Lorem ipsum dolor sit amet, consectetur adipiscing elit. Nunc urna justo.",
          "preTaxAmount": 345,
          "taxAmount": 345,
          "invoiceAmount": 234980.92
        },
        {
          "eventId": 1,
          "lineType": "A",
          "manufacturingProductCode": "V747",
          "lineNote": "Lorem ipsum dolor sit amet, consectetur adipiscing elit. Nunc urna justo.",
          "quantityBilled": 1,
          "lineDescription": "Lorem ipsum dolor sit amet, consectetur adipiscing elit. Nunc urna justo.",
          "preTaxAmount": 0,
          "taxAmount": 0,
          "invoiceAmount": 0
        },
        {
          "eventId": 1,
          "lineType": "W",
          "manufacturingProductCode": "N838",
          "lineNote": "Lorem ipsum dolor sit amet, consectetur adipiscing elit. Nunc urna justo.",
          "quantityBilled": 1,
          "lineDescription": "Lorem ipsum dolor sit amet, consectetur adipiscing elit. Nunc urna justo.",
          "preTaxAmount": 0,
          "taxAmount": 0,
          "invoiceAmount": 0
        }
      ]
    },
    {
      "eventId": 2,
      "entryType": "IN",
      "eventStatus": "Failed",
      "errorDescription": "Oracle failed to generate the invoice",
      "billSource": "ADJ",
      "orderId": "C1B124",
      "plannedShipmentId": "A234",
      "shipToSiteId": "AQ82828",
      "eventDate": "2017-11-21T00:00:00",
      "transactionId": 38691189,
      "transactionDate": "2017-12-14T00:00:00",
      "preTaxAmount": 34978.92,
      "taxAmount": 34978.92,
      "invoiceAmount": 34978.92,
      "eventNote": "test",
      "billLineDetails": [
        {
          "eventId": 2,
          "lineType": "U",
          "manufacturingProductCode": "A123",
          "lineNote": "Lorem ipsum dolor sit amet, consectetur adipiscing elit. Nunc urna justo.",
          "quantityBilled": 1,
          "lineDescription": "Trane Materials",
          "preTaxAmount": 34978.92,
          "taxAmount": 34978.92,
          "invoiceAmount": 34978.92
        },
        {
          "eventId": 2,
          "lineType": "A",
          "manufacturingProductCode": "S123",
          "lineNote": "Lorem ipsum dolor sit amet, consectetur adipiscing elit. Nunc urna justo.",
          "quantityBilled": 1,
          "lineDescription": "Design and Engineering",
          "preTaxAmount": 345,
          "taxAmount": 0,
          "invoiceAmount": 0
        },
        {
          "eventId": 2,
          "lineType": "W",
          "manufacturingProductCode": "D123",
          "lineNote": "Lorem ipsum dolor sit amet, consectetur adipiscing elit. Nunc urna justo.",
          "quantityBilled": 1,
          "lineDescription": "System Installation",
          "preTaxAmount": 0,
          "taxAmount": 0,
          "invoiceAmount": 345
        },
        {
          "eventId": 2,
          "lineType": "C",
          "manufacturingProductCode": "F847",
          "lineNote": "Lorem ipsum dolor sit amet, consectetur adipiscing elit. Nunc urna justo.",
          "quantityBilled": 1,
          "lineDescription": "System Programming",
          "preTaxAmount": 0,
          "taxAmount": 0,
          "invoiceAmount": 0
        },
        {
          "eventId": 2,
          "lineType": "U",
          "manufacturingProductCode": "H837",
          "lineNote": "Lorem ipsum dolor sit amet, consectetur adipiscing elit. Nunc urna justo.",
          "quantityBilled": 1,
          "lineDescription": "Commissioning and Startup",
          "preTaxAmount": 34978.92,
          "taxAmount": 34978.92,
          "invoiceAmount": 0
        },
        {
          "eventId": 2,
          "lineType": "W",
          "manufacturingProductCode": "K837",
          "lineNote": "Lorem ipsum dolor sit amet, consectetur adipiscing elit. Nunc urna justo.",
          "quantityBilled": 1,
          "lineDescription": "Packaged Industrial Rooftop",
          "preTaxAmount": 34978.92,
          "taxAmount": 34978.92,
          "invoiceAmount": 34978.92
        },
        {
          "eventId": 2,
          "lineType": "C",
          "manufacturingProductCode": "K838",
          "lineNote": "Lorem ipsum dolor sit amet, consectetur adipiscing elit. Nunc urna justo.",
          "quantityBilled": 1,
          "lineDescription": "Packaged Industrial Rooftop",
          "preTaxAmount": 234980.92,
          "taxAmount": 234980.92,
          "invoiceAmount": 234980.92
        },
        {
          "eventId": 2,
          "lineType": "A",
          "manufacturingProductCode": "J737",
          "lineNote": "Lorem ipsum dolor sit amet, consectetur adipiscing elit. Nunc urna justo.",
          "quantityBilled": 1,
          "lineDescription": "Packaged Industrial Rooftop",
          "preTaxAmount": 345,
          "taxAmount": 345,
          "invoiceAmount": 234980.92
        },
        {
          "eventId": 2,
          "lineType": "U",
          "manufacturingProductCode": "K827",
          "lineNote": "Lorem ipsum dolor sit amet, consectetur adipiscing elit. Nunc urna justo.",
          "quantityBilled": 1,
          "lineDescription": "VAV Terminal Units",
          "preTaxAmount": 0,
          "taxAmount": 0,
          "invoiceAmount": 0
        },
        {
          "eventId": 2,
          "lineType": "A",
          "manufacturingProductCode": "L928",
          "lineNote": "Lorem ipsum dolor sit amet, consectetur adipiscing elit. Nunc urna justo.",
          "quantityBilled": 1,
          "lineDescription": "Ductless Mini Split System",
          "preTaxAmount": 0,
          "taxAmount": 0,
          "invoiceAmount": 0
        }
      ]
    },
    {
      "eventId": 3,
      "entryType": "IN",
      "eventStatus": "Completed",
      "errorDescription": "Oracle failed to generate the invoice",
      "billSource": "KOD",
      "orderId": "C1C123",
      "plannedShipmentId": "C234",
      "shipToSiteId": "AV88882",
      "eventDate": "2017-11-21T00:00:00",
      "transactionId": 38744258,
      "transactionDate": "2018-01-10T00:00:00",
      "preTaxAmount": 345,
      "taxAmount": 345,
      "invoiceAmount": 234980.92,
      "eventNote": "test",
      "billLineDetails": [
        {
          "eventId": 3,
          "lineType": "U",
          "manufacturingProductCode": "A123",
          "lineNote": "Lorem ipsum dolor sit amet, consectetur adipiscing elit. Nunc urna justo.",
          "quantityBilled": 1,
          "lineDescription": "Trane Materials",
          "preTaxAmount": 34978.92,
          "taxAmount": 34978.92,
          "invoiceAmount": 34978.92
        },
        {
          "eventId": 3,
          "lineType": "A",
          "manufacturingProductCode": "S123",
          "lineNote": "Lorem ipsum dolor sit amet, consectetur adipiscing elit. Nunc urna justo.",
          "quantityBilled": 1,
          "lineDescription": "Design and Engineering",
          "preTaxAmount": 345,
          "taxAmount": 0,
          "invoiceAmount": 0
        },
        {
          "eventId": 3,
          "lineType": "W",
          "manufacturingProductCode": "D123",
          "lineNote": "Lorem ipsum dolor sit amet, consectetur adipiscing elit. Nunc urna justo.",
          "quantityBilled": 1,
          "lineDescription": "System Installation",
          "preTaxAmount": 0,
          "taxAmount": 0,
          "invoiceAmount": 345
        },
        {
          "eventId": 3,
          "lineType": "C",
          "manufacturingProductCode": "F847",
          "lineNote": "Lorem ipsum dolor sit amet, consectetur adipiscing elit. Nunc urna justo.",
          "quantityBilled": 1,
          "lineDescription": "System Programming",
          "preTaxAmount": 0,
          "taxAmount": 0,
          "invoiceAmount": 0
        },
        {
          "eventId": 3,
          "lineType": "U",
          "manufacturingProductCode": "H837",
          "lineNote": "Lorem ipsum dolor sit amet, consectetur adipiscing elit. Nunc urna justo.",
          "quantityBilled": 1,
          "lineDescription": "Commissioning and Startup",
          "preTaxAmount": 34978.92,
          "taxAmount": 34978.92,
          "invoiceAmount": 0
        },
        {
          "eventId": 3,
          "lineType": "W",
          "manufacturingProductCode": "K837",
          "lineNote": "Lorem ipsum dolor sit amet, consectetur adipiscing elit. Nunc urna justo.",
          "quantityBilled": 1,
          "lineDescription": "Packaged Industrial Rooftop",
          "preTaxAmount": 34978.92,
          "taxAmount": 34978.92,
          "invoiceAmount": 34978.92
        },
        {
          "eventId": 3,
          "lineType": "C",
          "manufacturingProductCode": "K838",
          "lineNote": "Lorem ipsum dolor sit amet, consectetur adipiscing elit. Nunc urna justo.",
          "quantityBilled": 1,
          "lineDescription": "Packaged Industrial Rooftop",
          "preTaxAmount": 234980.92,
          "taxAmount": 234980.92,
          "invoiceAmount": 234980.92
        },
        {
          "eventId": 3,
          "lineType": "A",
          "manufacturingProductCode": "J737",
          "lineNote": "Lorem ipsum dolor sit amet, consectetur adipiscing elit. Nunc urna justo.",
          "quantityBilled": 1,
          "lineDescription": "Packaged Industrial Rooftop",
          "preTaxAmount": 345,
          "taxAmount": 345,
          "invoiceAmount": 234980.92
        },
        {
          "eventId": 3,
          "lineType": "U",
          "manufacturingProductCode": "K827",
          "lineNote": "Lorem ipsum dolor sit amet, consectetur adipiscing elit. Nunc urna justo.",
          "quantityBilled": 1,
          "lineDescription": "VAV Terminal Units",
          "preTaxAmount": 0,
          "taxAmount": 0,
          "invoiceAmount": 0
        },
        {
          "eventId": 3,
          "lineType": "A",
          "manufacturingProductCode": "L928",
          "lineNote": "Lorem ipsum dolor sit amet, consectetur adipiscing elit. Nunc urna justo.",
          "quantityBilled": 1,
          "lineDescription": "Ductless Mini Split System",
          "preTaxAmount": 0,
          "taxAmount": 0,
          "invoiceAmount": 0
        }
      ]
    },
    {
      "eventId": 4,
      "entryType": "IN",
      "eventStatus": "Failed",
      "errorDescription": "Oracle failed to generate the invoice",
      "billSource": "KOD",
      "orderId": "C1B345",
      "plannedShipmentId": "S827",
      "shipToSiteId": "AQ82828",
      "eventDate": "2017-11-22T00:00:00",
      "transactionId": 38812451,
      "transactionDate": "2018-02-12T00:00:00",
      "preTaxAmount": 345,
      "taxAmount": 345,
      "invoiceAmount": 345,
      "eventNote": "test",
      "billLineDetails": [
        {
          "eventId": 4,
          "lineType": "U",
          "manufacturingProductCode": "A123",
          "lineNote": "Lorem ipsum dolor sit amet, consectetur adipiscing elit. Nunc urna justo.",
          "quantityBilled": 1,
          "lineDescription": "Trane Materials",
          "preTaxAmount": 34978.92,
          "taxAmount": 34978.92,
          "invoiceAmount": 34978.92
        },
        {
          "eventId": 4,
          "lineType": "A",
          "manufacturingProductCode": "S123",
          "lineNote": "Lorem ipsum dolor sit amet, consectetur adipiscing elit. Nunc urna justo.",
          "quantityBilled": 1,
          "lineDescription": "Design and Engineering",
          "preTaxAmount": 345,
          "taxAmount": 0,
          "invoiceAmount": 0
        },
        {
          "eventId": 4,
          "lineType": "W",
          "manufacturingProductCode": "D123",
          "lineNote": "Lorem ipsum dolor sit amet, consectetur adipiscing elit. Nunc urna justo.",
          "quantityBilled": 1,
          "lineDescription": "System Installation",
          "preTaxAmount": 0,
          "taxAmount": 0,
          "invoiceAmount": 345
        },
        {
          "eventId": 4,
          "lineType": "C",
          "manufacturingProductCode": "F847",
          "lineNote": "Lorem ipsum dolor sit amet, consectetur adipiscing elit. Nunc urna justo.",
          "quantityBilled": 1,
          "lineDescription": "System Programming",
          "preTaxAmount": 0,
          "taxAmount": 0,
          "invoiceAmount": 0
        },
        {
          "eventId": 4,
          "lineType": "U",
          "manufacturingProductCode": "H837",
          "lineNote": "Lorem ipsum dolor sit amet, consectetur adipiscing elit. Nunc urna justo.",
          "quantityBilled": 1,
          "lineDescription": "Commissioning and Startup",
          "preTaxAmount": 34978.92,
          "taxAmount": 34978.92,
          "invoiceAmount": 0
        },
        {
          "eventId": 4,
          "lineType": "W",
          "manufacturingProductCode": "K837",
          "lineNote": "Lorem ipsum dolor sit amet, consectetur adipiscing elit. Nunc urna justo.",
          "quantityBilled": 1,
          "lineDescription": "Packaged Industrial Rooftop",
          "preTaxAmount": 34978.92,
          "taxAmount": 34978.92,
          "invoiceAmount": 34978.92
        },
        {
          "eventId": 4,
          "lineType": "C",
          "manufacturingProductCode": "K838",
          "lineNote": "Lorem ipsum dolor sit amet, consectetur adipiscing elit. Nunc urna justo.",
          "quantityBilled": 1,
          "lineDescription": "Packaged Industrial Rooftop",
          "preTaxAmount": 234980.92,
          "taxAmount": 234980.92,
          "invoiceAmount": 234980.92
        },
        {
          "eventId": 4,
          "lineType": "A",
          "manufacturingProductCode": "J737",
          "lineNote": "Lorem ipsum dolor sit amet, consectetur adipiscing elit. Nunc urna justo.",
          "quantityBilled": 1,
          "lineDescription": "Packaged Industrial Rooftop",
          "preTaxAmount": 345,
          "taxAmount": 345,
          "invoiceAmount": 234980.92
        },
        {
          "eventId": 4,
          "lineType": "U",
          "manufacturingProductCode": "K827",
          "lineNote": "Lorem ipsum dolor sit amet, consectetur adipiscing elit. Nunc urna justo.",
          "quantityBilled": 1,
          "lineDescription": "VAV Terminal Units",
          "preTaxAmount": 0,
          "taxAmount": 0,
          "invoiceAmount": 0
        },
        {
          "eventId": 4,
          "lineType": "A",
          "manufacturingProductCode": "L928",
          "lineNote": "Lorem ipsum dolor sit amet, consectetur adipiscing elit. Nunc urna justo.",
          "quantityBilled": 1,
          "lineDescription": "Ductless Mini Split System",
          "preTaxAmount": 0,
          "taxAmount": 0,
          "invoiceAmount": 0
        }
      ]
    },
    {
      "eventId": 6,
      "entryType": "IN",
      "eventStatus": "Completed",
      "errorDescription": "Oracle failed to generate the invoice",
      "billSource": "ADJ",
      "orderId": "C1E345",
      "plannedShipmentId": "D838",
      "shipToSiteId": "WD94948",
      "eventDate": "2017-11-22T00:00:00",
      "transactionId": 38943199,
      "transactionDate": "2018-04-10T00:00:00",
      "preTaxAmount": 0,
      "taxAmount": 0,
      "invoiceAmount": 345,
      "eventNote": "test",
      "billLineDetails": [
        {
          "eventId": 6,
          "lineType": "U",
          "manufacturingProductCode": "A123",
          "lineNote": "Lorem ipsum dolor sit amet, consectetur adipiscing elit. Nunc urna justo.",
          "quantityBilled": 1,
          "lineDescription": "Trane Materials",
          "preTaxAmount": 34978.92,
          "taxAmount": 34978.92,
          "invoiceAmount": 34978.92
        },
        {
          "eventId": 6,
          "lineType": "A",
          "manufacturingProductCode": "S123",
          "lineNote": "Lorem ipsum dolor sit amet, consectetur adipiscing elit. Nunc urna justo.",
          "quantityBilled": 1,
          "lineDescription": "Design and Engineering",
          "preTaxAmount": 345,
          "taxAmount": 0,
          "invoiceAmount": 0
        },
        {
          "eventId": 6,
          "lineType": "W",
          "manufacturingProductCode": "D123",
          "lineNote": "Lorem ipsum dolor sit amet, consectetur adipiscing elit. Nunc urna justo.",
          "quantityBilled": 1,
          "lineDescription": "System Installation",
          "preTaxAmount": 0,
          "taxAmount": 0,
          "invoiceAmount": 345
        },
        {
          "eventId": 6,
          "lineType": "C",
          "manufacturingProductCode": "F847",
          "lineNote": "Lorem ipsum dolor sit amet, consectetur adipiscing elit. Nunc urna justo.",
          "quantityBilled": 1,
          "lineDescription": "System Programming",
          "preTaxAmount": 0,
          "taxAmount": 0,
          "invoiceAmount": 0
        },
        {
          "eventId": 6,
          "lineType": "U",
          "manufacturingProductCode": "H837",
          "lineNote": "Lorem ipsum dolor sit amet, consectetur adipiscing elit. Nunc urna justo.",
          "quantityBilled": 1,
          "lineDescription": "Commissioning and Startup",
          "preTaxAmount": 34978.92,
          "taxAmount": 34978.92,
          "invoiceAmount": 0
        },
        {
          "eventId": 6,
          "lineType": "W",
          "manufacturingProductCode": "K837",
          "lineNote": "Lorem ipsum dolor sit amet, consectetur adipiscing elit. Nunc urna justo.",
          "quantityBilled": 1,
          "lineDescription": "Packaged Industrial Rooftop",
          "preTaxAmount": 34978.92,
          "taxAmount": 34978.92,
          "invoiceAmount": 34978.92
        },
        {
          "eventId": 6,
          "lineType": "C",
          "manufacturingProductCode": "K838",
          "lineNote": "Lorem ipsum dolor sit amet, consectetur adipiscing elit. Nunc urna justo.",
          "quantityBilled": 1,
          "lineDescription": "Packaged Industrial Rooftop",
          "preTaxAmount": 234980.92,
          "taxAmount": 234980.92,
          "invoiceAmount": 234980.92
        },
        {
          "eventId": 6,
          "lineType": "A",
          "manufacturingProductCode": "J737",
          "lineNote": "Lorem ipsum dolor sit amet, consectetur adipiscing elit. Nunc urna justo.",
          "quantityBilled": 1,
          "lineDescription": "Packaged Industrial Rooftop",
          "preTaxAmount": 345,
          "taxAmount": 345,
          "invoiceAmount": 234980.92
        },
        {
          "eventId": 6,
          "lineType": "U",
          "manufacturingProductCode": "K827",
          "lineNote": "Lorem ipsum dolor sit amet, consectetur adipiscing elit. Nunc urna justo.",
          "quantityBilled": 1,
          "lineDescription": "VAV Terminal Units",
          "preTaxAmount": 0,
          "taxAmount": 0,
          "invoiceAmount": 0
        },
        {
          "eventId": 6,
          "lineType": "A",
          "manufacturingProductCode": "L928",
          "lineNote": "Lorem ipsum dolor sit amet, consectetur adipiscing elit. Nunc urna justo.",
          "quantityBilled": 1,
          "lineDescription": "Ductless Mini Split System",
          "preTaxAmount": 0,
          "taxAmount": 0,
          "invoiceAmount": 0
        }
      ]
    },
    {
      "eventId": 7,
      "entryType": "IN",
      "eventStatus": "Completed",
      "errorDescription": "Oracle failed to generate the invoice",
      "billSource": "ADJ",
      "orderId": "C1R546",
      "plannedShipmentId": "W283",
      "shipToSiteId": "KW83838",
      "eventDate": "2017-12-22T00:00:00",
      "transactionId": 39007550,
      "transactionDate": "2018-05-08T00:00:00",
      "preTaxAmount": 0,
      "taxAmount": 0,
      "invoiceAmount": 345,
      "eventNote": "test",
      "billLineDetails": [
        {
          "eventId": 7,
          "lineType": "U",
          "manufacturingProductCode": "A123",
          "lineNote": "Lorem ipsum dolor sit amet, consectetur adipiscing elit. Nunc urna justo.",
          "quantityBilled": 1,
          "lineDescription": "Trane Materials",
          "preTaxAmount": 34978.92,
          "taxAmount": 34978.92,
          "invoiceAmount": 34978.92
        },
        {
          "eventId": 7,
          "lineType": "A",
          "manufacturingProductCode": "S123",
          "lineNote": "Lorem ipsum dolor sit amet, consectetur adipiscing elit. Nunc urna justo.",
          "quantityBilled": 1,
          "lineDescription": "Design and Engineering",
          "preTaxAmount": 345,
          "taxAmount": 0,
          "invoiceAmount": 0
        },
        {
          "eventId": 7,
          "lineType": "W",
          "manufacturingProductCode": "D123",
          "lineNote": "Lorem ipsum dolor sit amet, consectetur adipiscing elit. Nunc urna justo.",
          "quantityBilled": 1,
          "lineDescription": "System Installation",
          "preTaxAmount": 0,
          "taxAmount": 0,
          "invoiceAmount": 345
        },
        {
          "eventId": 7,
          "lineType": "C",
          "manufacturingProductCode": "F847",
          "lineNote": "Lorem ipsum dolor sit amet, consectetur adipiscing elit. Nunc urna justo.",
          "quantityBilled": 1,
          "lineDescription": "System Programming",
          "preTaxAmount": 0,
          "taxAmount": 0,
          "invoiceAmount": 0
        },
        {
          "eventId": 7,
          "lineType": "U",
          "manufacturingProductCode": "H837",
          "lineNote": "Lorem ipsum dolor sit amet, consectetur adipiscing elit. Nunc urna justo.",
          "quantityBilled": 1,
          "lineDescription": "Commissioning and Startup",
          "preTaxAmount": 34978.92,
          "taxAmount": 34978.92,
          "invoiceAmount": 0
        },
        {
          "eventId": 7,
          "lineType": "W",
          "manufacturingProductCode": "K837",
          "lineNote": "Lorem ipsum dolor sit amet, consectetur adipiscing elit. Nunc urna justo.",
          "quantityBilled": 1,
          "lineDescription": "Packaged Industrial Rooftop",
          "preTaxAmount": 34978.92,
          "taxAmount": 34978.92,
          "invoiceAmount": 34978.92
        },
        {
          "eventId": 7,
          "lineType": "C",
          "manufacturingProductCode": "K838",
          "lineNote": "Lorem ipsum dolor sit amet, consectetur adipiscing elit. Nunc urna justo.",
          "quantityBilled": 1,
          "lineDescription": "Packaged Industrial Rooftop",
          "preTaxAmount": 234980.92,
          "taxAmount": 234980.92,
          "invoiceAmount": 234980.92
        },
        {
          "eventId": 7,
          "lineType": "A",
          "manufacturingProductCode": "J737",
          "lineNote": "Lorem ipsum dolor sit amet, consectetur adipiscing elit. Nunc urna justo.",
          "quantityBilled": 1,
          "lineDescription": "Packaged Industrial Rooftop",
          "preTaxAmount": 345,
          "taxAmount": 345,
          "invoiceAmount": 234980.92
        },
        {
          "eventId": 7,
          "lineType": "U",
          "manufacturingProductCode": "K827",
          "lineNote": "Lorem ipsum dolor sit amet, consectetur adipiscing elit. Nunc urna justo.",
          "quantityBilled": 1,
          "lineDescription": "VAV Terminal Units",
          "preTaxAmount": 0,
          "taxAmount": 0,
          "invoiceAmount": 0
        },
        {
          "eventId": 7,
          "lineType": "A",
          "manufacturingProductCode": "L928",
          "lineNote": "Lorem ipsum dolor sit amet, consectetur adipiscing elit. Nunc urna justo.",
          "quantityBilled": 1,
          "lineDescription": "Ductless Mini Split System",
          "preTaxAmount": 0,
          "taxAmount": 0,
          "invoiceAmount": 0
        }
      ]
    },
    {
      "eventId": 8,
      "entryType": "IN",
      "eventStatus": "Completed",
      "errorDescription": "Oracle failed to generate the invoice",
      "billSource": "ADJ",
      "orderId": "C1W465",
      "plannedShipmentId": "Q828",
      "shipToSiteId": "PO93838",
      "eventDate": "2017-11-22T00:00:00",
      "transactionId": 39006651,
      "transactionDate": "2018-06-08T00:00:00",
      "preTaxAmount": 0,
      "taxAmount": 0,
      "invoiceAmount": 0,
      "eventNote": "test",
      "billLineDetails": [
        {
          "eventId": 8,
          "lineType": "U",
          "manufacturingProductCode": "A123",
          "lineNote": "Lorem ipsum dolor sit amet, consectetur adipiscing elit. Nunc urna justo.",
          "quantityBilled": 1,
          "lineDescription": "Trane Materials",
          "preTaxAmount": 34978.92,
          "taxAmount": 34978.92,
          "invoiceAmount": 34978.92
        },
        {
          "eventId": 8,
          "lineType": "A",
          "manufacturingProductCode": "S123",
          "lineNote": "Lorem ipsum dolor sit amet, consectetur adipiscing elit. Nunc urna justo.",
          "quantityBilled": 1,
          "lineDescription": "Design and Engineering",
          "preTaxAmount": 345,
          "taxAmount": 0,
          "invoiceAmount": 0
        },
        {
          "eventId": 8,
          "lineType": "W",
          "manufacturingProductCode": "D123",
          "lineNote": "Lorem ipsum dolor sit amet, consectetur adipiscing elit. Nunc urna justo.",
          "quantityBilled": 1,
          "lineDescription": "System Installation",
          "preTaxAmount": 0,
          "taxAmount": 0,
          "invoiceAmount": 345
        },
        {
          "eventId": 8,
          "lineType": "C",
          "manufacturingProductCode": "F847",
          "lineNote": "Lorem ipsum dolor sit amet, consectetur adipiscing elit. Nunc urna justo.",
          "quantityBilled": 1,
          "lineDescription": "System Programming",
          "preTaxAmount": 0,
          "taxAmount": 0,
          "invoiceAmount": 0
        },
        {
          "eventId": 8,
          "lineType": "U",
          "manufacturingProductCode": "H837",
          "lineNote": "Lorem ipsum dolor sit amet, consectetur adipiscing elit. Nunc urna justo.",
          "quantityBilled": 1,
          "lineDescription": "Commissioning and Startup",
          "preTaxAmount": 34978.92,
          "taxAmount": 34978.92,
          "invoiceAmount": 0
        },
        {
          "eventId": 8,
          "lineType": "W",
          "manufacturingProductCode": "K837",
          "lineNote": "Lorem ipsum dolor sit amet, consectetur adipiscing elit. Nunc urna justo.",
          "quantityBilled": 1,
          "lineDescription": "Packaged Industrial Rooftop",
          "preTaxAmount": 34978.92,
          "taxAmount": 34978.92,
          "invoiceAmount": 34978.92
        },
        {
          "eventId": 8,
          "lineType": "C",
          "manufacturingProductCode": "K838",
          "lineNote": "Lorem ipsum dolor sit amet, consectetur adipiscing elit. Nunc urna justo.",
          "quantityBilled": 1,
          "lineDescription": "Packaged Industrial Rooftop",
          "preTaxAmount": 234980.92,
          "taxAmount": 234980.92,
          "invoiceAmount": 234980.92
        },
        {
          "eventId": 8,
          "lineType": "A",
          "manufacturingProductCode": "J737",
          "lineNote": "Lorem ipsum dolor sit amet, consectetur adipiscing elit. Nunc urna justo.",
          "quantityBilled": 1,
          "lineDescription": "Packaged Industrial Rooftop",
          "preTaxAmount": 345,
          "taxAmount": 345,
          "invoiceAmount": 234980.92
        },
        {
          "eventId": 8,
          "lineType": "U",
          "manufacturingProductCode": "K827",
          "lineNote": "Lorem ipsum dolor sit amet, consectetur adipiscing elit. Nunc urna justo.",
          "quantityBilled": 1,
          "lineDescription": "VAV Terminal Units",
          "preTaxAmount": 0,
          "taxAmount": 0,
          "invoiceAmount": 0
        },
        {
          "eventId": 8,
          "lineType": "A",
          "manufacturingProductCode": "L928",
          "lineNote": "Lorem ipsum dolor sit amet, consectetur adipiscing elit. Nunc urna justo.",
          "quantityBilled": 1,
          "lineDescription": "Ductless Mini Split System",
          "preTaxAmount": 0,
          "taxAmount": 0,
          "invoiceAmount": 0
        }
      ]
    },
    {
      "eventId": 9,
      "entryType": "IN",
      "eventStatus": "Completed",
      "errorDescription": "Oracle failed to generate the invoice",
      "billSource": "KOD",
      "orderId": "C1W478",
      "plannedShipmentId": "Q829",
      "shipToSiteId": "PO93839",
      "eventDate": "2017-12-22T00:00:00",
      "transactionId": 39006652,
      "transactionDate": "2018-07-08T00:00:00",
      "preTaxAmount": 345,
      "taxAmount": 345,
      "invoiceAmount": 345,
      "eventNote": "test",
      "billLineDetails": [
        {
          "eventId": 9,
          "lineType": "U",
          "manufacturingProductCode": "A123",
          "lineNote": "Lorem ipsum dolor sit amet, consectetur adipiscing elit. Nunc urna justo.",
          "quantityBilled": 1,
          "lineDescription": "Trane Materials",
          "preTaxAmount": 34978.92,
          "taxAmount": 34978.92,
          "invoiceAmount": 34978.92
        },
        {
          "eventId": 9,
          "lineType": "A",
          "manufacturingProductCode": "S123",
          "lineNote": "Lorem ipsum dolor sit amet, consectetur adipiscing elit. Nunc urna justo.",
          "quantityBilled": 1,
          "lineDescription": "Design and Engineering",
          "preTaxAmount": 345,
          "taxAmount": 0,
          "invoiceAmount": 0
        },
        {
          "eventId": 9,
          "lineType": "W",
          "manufacturingProductCode": "D123",
          "lineNote": "Lorem ipsum dolor sit amet, consectetur adipiscing elit. Nunc urna justo.",
          "quantityBilled": 1,
          "lineDescription": "System Installation",
          "preTaxAmount": 0,
          "taxAmount": 0,
          "invoiceAmount": 345
        },
        {
          "eventId": 9,
          "lineType": "C",
          "manufacturingProductCode": "F847",
          "lineNote": "Lorem ipsum dolor sit amet, consectetur adipiscing elit. Nunc urna justo.",
          "quantityBilled": 1,
          "lineDescription": "System Programming",
          "preTaxAmount": 0,
          "taxAmount": 0,
          "invoiceAmount": 0
        },
        {
          "eventId": 9,
          "lineType": "U",
          "manufacturingProductCode": "H837",
          "lineNote": "Lorem ipsum dolor sit amet, consectetur adipiscing elit. Nunc urna justo.",
          "quantityBilled": 1,
          "lineDescription": "Commissioning and Startup",
          "preTaxAmount": 34978.92,
          "taxAmount": 34978.92,
          "invoiceAmount": 0
        },
        {
          "eventId": 9,
          "lineType": "W",
          "manufacturingProductCode": "K837",
          "lineNote": "Lorem ipsum dolor sit amet, consectetur adipiscing elit. Nunc urna justo.",
          "quantityBilled": 1,
          "lineDescription": "Packaged Industrial Rooftop",
          "preTaxAmount": 34978.92,
          "taxAmount": 34978.92,
          "invoiceAmount": 34978.92
        },
        {
          "eventId": 9,
          "lineType": "C",
          "manufacturingProductCode": "K838",
          "lineNote": "Lorem ipsum dolor sit amet, consectetur adipiscing elit. Nunc urna justo.",
          "quantityBilled": 1,
          "lineDescription": "Packaged Industrial Rooftop",
          "preTaxAmount": 234980.92,
          "taxAmount": 234980.92,
          "invoiceAmount": 234980.92
        }
      ]
    },
    {
      "eventId": 10,
      "entryType": "IN",
      "eventStatus": "Completed",
      "errorDescription": "Oracle failed to generate the invoice",
      "billSource": "ADJ",
      "orderId": "C1R546",
      "plannedShipmentId": "W283",
      "shipToSiteId": "KW83838",
      "eventDate": "2017-11-22T00:00:00",
      "transactionId": 39007550,
      "transactionDate": "2018-05-08T00:00:00",
      "preTaxAmount": 0,
      "taxAmount": 0,
      "invoiceAmount": 345,
      "eventNote": "test",
      "billLineDetails": [
        {
          "eventId": 10,
          "lineType": "U",
          "manufacturingProductCode": "A123",
          "lineNote": "Lorem ipsum dolor sit amet, consectetur adipiscing elit. Nunc urna justo.",
          "quantityBilled": 1,
          "lineDescription": "Trane Materials",
          "preTaxAmount": 34978.92,
          "taxAmount": 34978.92,
          "invoiceAmount": 34978.92
        },
        {
          "eventId": 10,
          "lineType": "A",
          "manufacturingProductCode": "S123",
          "lineNote": "Lorem ipsum dolor sit amet, consectetur adipiscing elit. Nunc urna justo.",
          "quantityBilled": 1,
          "lineDescription": "Design and Engineering",
          "preTaxAmount": 345,
          "taxAmount": 0,
          "invoiceAmount": 0
        },
        {
          "eventId": 10,
          "lineType": "W",
          "manufacturingProductCode": "D123",
          "lineNote": "Lorem ipsum dolor sit amet, consectetur adipiscing elit. Nunc urna justo.",
          "quantityBilled": 1,
          "lineDescription": "System Installation",
          "preTaxAmount": 0,
          "taxAmount": 0,
          "invoiceAmount": 345
        },
        {
          "eventId": 10,
          "lineType": "C",
          "manufacturingProductCode": "F847",
          "lineNote": "Lorem ipsum dolor sit amet, consectetur adipiscing elit. Nunc urna justo.",
          "quantityBilled": 1,
          "lineDescription": "System Programming",
          "preTaxAmount": 0,
          "taxAmount": 0,
          "invoiceAmount": 0
        },
        {
          "eventId": 10,
          "lineType": "U",
          "manufacturingProductCode": "H837",
          "lineNote": "Lorem ipsum dolor sit amet, consectetur adipiscing elit. Nunc urna justo.",
          "quantityBilled": 1,
          "lineDescription": "Commissioning and Startup",
          "preTaxAmount": 34978.92,
          "taxAmount": 34978.92,
          "invoiceAmount": 0
        }
      ]
    },
    {
      "eventId": 11,
      "entryType": "IN",
      "eventStatus": "Completed",
      "errorDescription": "Oracle failed to generate the invoice",
      "billSource": "ADJ",
      "orderId": "C1W465",
      "plannedShipmentId": "Q828",
      "shipToSiteId": "PO93838",
      "eventDate": "2018-11-22T00:00:00",
      "transactionId": 39006651,
      "transactionDate": "2018-06-08T00:00:00",
      "preTaxAmount": 0,
      "taxAmount": 0,
      "invoiceAmount": 0,
      "eventNote": "test",
      "billLineDetails": [
        {
          "eventId": 11,
          "lineType": "U",
          "manufacturingProductCode": "A123",
          "lineNote": "Lorem ipsum dolor sit amet, consectetur adipiscing elit. Nunc urna justo.",
          "quantityBilled": 1,
          "lineDescription": "Trane Materials",
          "preTaxAmount": 34978.92,
          "taxAmount": 34978.92,
          "invoiceAmount": 34978.92
        },
        {
          "eventId": 11,
          "lineType": "A",
          "manufacturingProductCode": "S123",
          "lineNote": "Lorem ipsum dolor sit amet, consectetur adipiscing elit. Nunc urna justo.",
          "quantityBilled": 1,
          "lineDescription": "Design and Engineering",
          "preTaxAmount": 345,
          "taxAmount": 0,
          "invoiceAmount": 0
        },
        {
          "eventId": 11,
          "lineType": "W",
          "manufacturingProductCode": "D123",
          "lineNote": "Lorem ipsum dolor sit amet, consectetur adipiscing elit. Nunc urna justo.",
          "quantityBilled": 1,
          "lineDescription": "System Installation",
          "preTaxAmount": 0,
          "taxAmount": 0,
          "invoiceAmount": 345
        },
        {
          "eventId": 11,
          "lineType": "C",
          "manufacturingProductCode": "F847",
          "lineNote": "Lorem ipsum dolor sit amet, consectetur adipiscing elit. Nunc urna justo.",
          "quantityBilled": 1,
          "lineDescription": "System Programming",
          "preTaxAmount": 0,
          "taxAmount": 0,
          "invoiceAmount": 0
        }
      ]
    },
    {
      "eventId": 12,
      "entryType": "IN",
      "eventStatus": "Completed",
      "errorDescription": "Oracle failed to generate the invoice",
      "billSource": "KOD",
      "orderId": "C1W478",
      "plannedShipmentId": "Q829",
      "shipToSiteId": "PO93839",
      "eventDate": "2017-11-22T00:00:00",
      "transactionId": 39006652,
      "transactionDate": "2018-07-08T00:00:00",
      "preTaxAmount": 345,
      "taxAmount": 345,
      "invoiceAmount": 345,
      "eventNote": "test",
      "billLineDetails": [
        {
          "eventId": 12,
          "lineType": "U",
          "manufacturingProductCode": "A123",
          "lineNote": "Lorem ipsum dolor sit amet, consectetur adipiscing elit. Nunc urna justo.",
          "quantityBilled": 1,
          "lineDescription": "Trane Materials",
          "preTaxAmount": 34978.92,
          "taxAmount": 34978.92,
          "invoiceAmount": 34978.92
        },
        {
          "eventId": 12,
          "lineType": "A",
          "manufacturingProductCode": "S123",
          "lineNote": "Lorem ipsum dolor sit amet, consectetur adipiscing elit. Nunc urna justo.",
          "quantityBilled": 1,
          "lineDescription": "Design and Engineering",
          "preTaxAmount": 345,
          "taxAmount": 0,
          "invoiceAmount": 0
        },
        {
          "eventId": 12,
          "lineType": "W",
          "manufacturingProductCode": "D123",
          "lineNote": "Lorem ipsum dolor sit amet, consectetur adipiscing elit. Nunc urna justo.",
          "quantityBilled": 1,
          "lineDescription": "System Installation",
          "preTaxAmount": 0,
          "taxAmount": 0,
          "invoiceAmount": 345
        },
        {
          "eventId": 12,
          "lineType": "C",
          "manufacturingProductCode": "F847",
          "lineNote": "Lorem ipsum dolor sit amet, consectetur adipiscing elit. Nunc urna justo.",
          "quantityBilled": 1,
          "lineDescription": "System Programming",
          "preTaxAmount": 0,
          "taxAmount": 0,
          "invoiceAmount": 0
        }
      ]
    },
    {
      "eventId": 13,
      "entryType": "IN",
      "eventStatus": "Completed",
      "errorDescription": "Oracle failed to generate the invoice",
      "billSource": "ADJ",
      "orderId": "C1R546",
      "plannedShipmentId": "W283",
      "shipToSiteId": "KW83838",
      "eventDate": "2018-11-22T00:00:00",
      "transactionId": 39007550,
      "transactionDate": "2018-05-08T00:00:00",
      "preTaxAmount": 0,
      "taxAmount": 0,
      "invoiceAmount": 345,
      "eventNote": "test",
      "billLineDetails": [
        {
          "eventId": 13,
          "lineType": "U",
          "manufacturingProductCode": "A123",
          "lineNote": "Lorem ipsum dolor sit amet, consectetur adipiscing elit. Nunc urna justo.",
          "quantityBilled": 1,
          "lineDescription": "Trane Materials",
          "preTaxAmount": 34978.92,
          "taxAmount": 34978.92,
          "invoiceAmount": 34978.92
        },
        {
          "eventId": 13,
          "lineType": "A",
          "manufacturingProductCode": "S123",
          "lineNote": "Lorem ipsum dolor sit amet, consectetur adipiscing elit. Nunc urna justo.",
          "quantityBilled": 1,
          "lineDescription": "Design and Engineering",
          "preTaxAmount": 345,
          "taxAmount": 0,
          "invoiceAmount": 0
        },
        {
          "eventId": 13,
          "lineType": "W",
          "manufacturingProductCode": "D123",
          "lineNote": "Lorem ipsum dolor sit amet, consectetur adipiscing elit. Nunc urna justo.",
          "quantityBilled": 1,
          "lineDescription": "System Installation",
          "preTaxAmount": 0,
          "taxAmount": 0,
          "invoiceAmount": 345
        },
        {
          "eventId": 13,
          "lineType": "C",
          "manufacturingProductCode": "F847",
          "lineNote": "Lorem ipsum dolor sit amet, consectetur adipiscing elit. Nunc urna justo.",
          "quantityBilled": 1,
          "lineDescription": "System Programming",
          "preTaxAmount": 0,
          "taxAmount": 0,
          "invoiceAmount": 0
        },
        {
          "eventId": 13,
          "lineType": "U",
          "manufacturingProductCode": "H837",
          "lineNote": "Lorem ipsum dolor sit amet, consectetur adipiscing elit. Nunc urna justo.",
          "quantityBilled": 1,
          "lineDescription": "Commissioning and Startup",
          "preTaxAmount": 34978.92,
          "taxAmount": 34978.92,
          "invoiceAmount": 0
        }
      ]
    }
  ]
}