[
  {
    "documentPackageId": 123,
    "fileName": "Package 1",
    "fileLocation": "string",
    "status": "Complete",
    "generatedInfo": "string",
    "generatedDate": "2019-09-10T09:44:46",
    "generatedBy": "ccfaab",
    "generatedByName": "linda"
  },
  {
    "documentPackageId": 124,
    "fileName": "Package 2",
    "fileLocation": "string",
    "status": "Complete",
    "generatedInfo": "string",
    "generatedDate": "2019-03-10T09:44:46",
    "generatedBy": "ccfaab",
    "generatedByName": "linda"
  },
  {
    "documentPackageId": 125,
    "fileName": "Package 3",
    "fileLocation": "string",
    "status": "Complete",
    "generatedInfo": "string",
    "generatedDate": "2019-01-10T09:44:46",
    "generatedBy": "ccfaab",
    "generatedByName": "linda"
  }
]