{"documentType" :{
    "equipmentProposal": [
        {
          "documentType": "Equipment Proposal",
          "documentPackageName": "CKL - COJO Test Sample1",
          "documentPackageDescription": "CKL - COJO Test Sample Desc",
          "lastModified": "5/18/2018 05:00PM CST",
          "created": "5/18/2018 05:00PM CST",
          "lastGeneratedFile": "5/18/2018 05:00PM CST",
          "generatedBy": "Ingalls, Linda",
          "status": "Complete"
        },
        {
          "documentType": "Equipment Proposal",
          "documentPackageName": "CKL - COJO Test Sample2",
          "documentPackageDescription": "CKL - COJO Test Sample Desc CKL - COJO Test Sample Desc CKL - COJO Test Sample Desc CKL - COJO Test Sample Desc CKL - COJO Test Sample Desc CKL - COJO Test Sample Desc",
          "lastModified": "5/18/2017 05:00PM CST",
          "created": "5/18/2017 05:00PM CST",
          "lastGeneratedFile": "5/18/2018 05:00PM CST",
          "generatedBy": "Ingalls, Linda",
          "status": "Complete"
        },
        {
          "documentType": "Equipment Proposal",
          "documentPackageName": "CKL - COJO Test Sample3",
          "documentPackageDescription": "CKL - COJO Test Sample Desc",
          "lastModified": "5/18/2018 05:00PM CST",
          "created": "5/18/2018 05:00PM CST",
          "lastGeneratedFile": "5/18/2018 05:00PM CST",
          "generatedBy": "Ingalls, Linda",
          "status": "In Progress"
        },
        {
          "documentType": "Equipment Proposal",
          "documentPackageName": "CKL - COJO Test Sample4",
          "documentPackageDescription": "CKL - COJO Test Sample Desc",
          "lastModified": "5/18/2018 05:00PM CST",
          "created": "5/18/2018 05:00PM CST",
          "lastGeneratedFile": "5/18/2018 05:00PM CST",
          "generatedBy": "Ingalls, Linda",
          "status": "Complete"
        },
        {
          "documentType": "Equipment Proposal",
          "documentPackageName": "CKL - COJO Test Sample5",
          "documentPackageDescription": "CKL - COJO Test Sample Desc",
          "lastModified": "5/18/2018 05:00PM CST",
          "created": "5/18/2018 05:00PM CST",
          "lastGeneratedFile": "5/18/2018 05:00PM CST",
          "generatedBy": "Ingalls, Linda",
          "status": "Complete"
        },
        {
          "documentType": "Equipment Proposal",
          "documentPackageName": "CKL - COJO Test Sample6",
          "documentPackageDescription": "CKL - COJO Test Sample Desc",
          "lastModified": "5/18/2018 05:00PM CST",
          "created": "5/18/2018 05:00PM CST",
          "lastGeneratedFile": "5/18/2018 05:00PM CST",
          "generatedBy": "Ingalls, Linda",
          "status": "Failed"
        },
        {
          "documentType": "Equipment Proposal",
          "documentPackageName": "CKL - COJO Test Sample7",
          "documentPackageDescription": "CKL - COJO Test Sample Desc",
          "lastModified": "5/18/2018 05:00PM CST",
          "created": "5/18/2018 05:00PM CST",
          "lastGeneratedFile": "5/18/2018 05:00PM CST",
          "generatedBy": "Ingalls, Linda",
          "status": "Complete"
        },
        {
          "documentType": "Equipment Proposal",
          "documentPackageName": "CKL - COJO Test Sample8",
          "documentPackageDescription": "CKL - COJO Test Sample Desc",
          "lastModified": "5/18/2018 05:00PM CST",
          "created": "5/18/2018 05:00PM CST",
          "lastGeneratedFile": "5/18/2018 05:00PM CST",
          "generatedBy": "Ingalls, Linda",
          "status": "Not Generated"
        },
        {
          "documentType": "Equipment Proposal",
          "documentPackageName": "CKL - COJO Test Sample9",
          "documentPackageDescription": "CKL - COJO Test Sample Desc",
          "lastModified": "5/18/2018 05:00PM CST",
          "created": "5/18/2018 05:00PM CST",
          "lastGeneratedFile": "5/18/2018 05:00PM CST",
          "generatedBy": "Ingalls, Linda",
          "status": "Complete"
        },
        {
          "documentType": "Equipment Proposal",
          "documentPackageName": "CKL - COJO Test Sample10",
          "documentPackageDescription": "CKL - COJO Test Sample Desc",
          "lastModified": "5/18/2018 05:00PM CST",
          "created": "5/18/2018 05:00PM CST",
          "lastGeneratedFile": "5/18/2018 05:00PM CST",
          "generatedBy": "Ingalls, Linda",
          "status": "Complete"
        },
        {
          "documentType": "Equipment Proposal",
          "documentPackageName": "CKL - COJO Test Sample11",
          "documentPackageDescription": "CKL - COJO Test Sample Desc",
          "lastModified": "5/18/2018 05:00PM CST",
          "created": "5/18/2018 05:00PM CST",
          "lastGeneratedFile": "5/18/2018 05:00PM CST",
          "generatedBy": "Ingalls, Linda",
          "status": "Complete"
        },
        {
          "documentType": "Equipment Proposal",
          "documentPackageName": "CKL - COJO Test Sample12",
          "documentPackageDescription": "CKL - COJO Test Sample Desc",
          "lastModified": "5/18/2018 05:00PM CST",
          "created": "5/18/2018 05:00PM CST",
          "lastGeneratedFile": "5/18/2018 05:00PM CST",
          "generatedBy": "Ingalls, Linda",
          "status": "In Progress"
        },
        {
          "documentType": "Equipment Proposal",
          "documentPackageName": "CKL - COJO Test Sample13",
          "documentPackageDescription": "CKL - COJO Test Sample Desc",
          "lastModified": "5/18/2018 05:00PM CST",
          "created": "5/18/2018 05:00PM CST",
          "lastGeneratedFile": "5/18/2018 05:00PM CST",
          "generatedBy": "Ingalls, Linda",
          "status": "Complete"
        },
        {
          "documentType": "Equipment Proposal",
          "documentPackageName": "CKL - COJO Test Sample14",
          "documentPackageDescription": "CKL - COJO Test Sample Desc",
          "lastModified": "5/18/2018 05:00PM CST",
          "created": "5/18/2018 05:00PM CST",
          "lastGeneratedFile": "5/18/2018 05:00PM CST",
          "generatedBy": "Ingalls, Linda",
          "status": "Complete"
        },
        {
          "documentType": "Equipment Proposal",
          "documentPackageName": "CKL - COJO Test Sample15",
          "documentPackageDescription": "CKL - COJO Test Sample Desc",
          "lastModified": "5/18/2018 05:00PM CST",
          "created": "5/18/2018 05:00PM CST",
          "lastGeneratedFile": "5/18/2018 05:00PM CST",
          "generatedBy": "Ingalls, Linda",
          "status": "Complete"
        },
        {
          "documentType": "Equipment Proposal",
          "documentPackageName": "CKL - COJO Test Sample16",
          "documentPackageDescription": "CKL - COJO Test Sample Desc",
          "lastModified": "5/18/2018 05:00PM CST",
          "created": "5/18/2018 05:00PM CST",
          "lastGeneratedFile": "5/18/2018 05:00PM CST",
          "generatedBy": "Ingalls, Linda",
          "status": "Complete"
        },
        {
          "documentType": "Equipment Proposal",
          "documentPackageName": "CKL - COJO Test Sample17",
          "documentPackageDescription": "CKL - COJO Test Sample Desc",
          "lastModified": "5/18/2018 05:00PM CST",
          "created": "5/18/2018 05:00PM CST",
          "lastGeneratedFile": "5/18/2018 05:00PM CST",
          "generatedBy": "Ingalls, Linda",
          "status": "Complete"
        },
        {
          "documentType": "Equipment Proposal",
          "documentPackageName": "CKL - COJO Test Sample18",
          "documentPackageDescription": "CKL - COJO Test Sample Desc",
          "lastModified": "5/18/2018 05:00PM CST",
          "created": "5/18/2018 05:00PM CST",
          "lastGeneratedFile": "5/18/2018 05:00PM CST",
          "generatedBy": "Ingalls, Linda",
          "status": "Complete"
        }],
      "equipmentSubmittal": [
        {
          "documentType": "Equipment Proposal",
          "documentPackageName": "CKL - COJO Test Sample123",
          "documentPackageDescription": "CKL - COJO Test Sample Desc",
          "lastModified": "5/18/2018 05:00PM CST",
          "created": "5/18/2018 05:00PM CST",
          "lastGeneratedFile": "5/18/2018 05:00PM CST",
          "generatedBy": "Ingalls, Linda",
          "status": "Complete"
        }
      ]
    }
}